Navn;Stasjon;Tid(norsk normaltid);Maksimumstemperatur (døgn);Nedbør (døgn)
Narvik Sentrum;SN84701;01.01.2020;1,3;3,8
Narvik Sentrum;SN84701;02.01.2020;9,9;18,2
Narvik Sentrum;SN84701;03.01.2020;7,8;16,8
Narvik Sentrum;SN84701;04.01.2020;1,2;9,9
Narvik Sentrum;SN84701;05.01.2020;-0,5;3,5
Narvik Sentrum;SN84701;06.01.2020;2,8;3,7
Narvik Sentrum;SN84701;07.01.2020;7,2;7,4
Narvik Sentrum;SN84701;08.01.2020;8,5;2,1
Narvik Sentrum;SN84701;09.01.2020;3,9;6,2
Narvik Sentrum;SN84701;10.01.2020;3,3;1,7
Narvik Sentrum;SN84701;11.01.2020;6,3;5,6
Narvik Sentrum;SN84701;12.01.2020;5;7,2
Narvik Sentrum;SN84701;13.01.2020;4,6;0,3
Narvik Sentrum;SN84701;14.01.2020;4,2;0
Narvik Sentrum;SN84701;15.01.2020;-0,4;2,2
Narvik Sentrum;SN84701;16.01.2020;-0,1;0,8
Narvik Sentrum;SN84701;17.01.2020;-0,8;3,6
Narvik Sentrum;SN84701;18.01.2020;-1,2;0
Narvik Sentrum;SN84701;19.01.2020;-1,3;0
Narvik Sentrum;SN84701;20.01.2020;7;4,5
Narvik Sentrum;SN84701;21.01.2020;3,7;11,8
Narvik Sentrum;SN84701;22.01.2020;1,3;5,5
Narvik Sentrum;SN84701;23.01.2020;4,5;4,4
Narvik Sentrum;SN84701;24.01.2020;4,3;7,5
Narvik Sentrum;SN84701;25.01.2020;0,9;1,5
Narvik Sentrum;SN84701;26.01.2020;-2,9;1,5
Narvik Sentrum;SN84701;27.01.2020;-4,8;0
Narvik Sentrum;SN84701;28.01.2020;-4,8;0
Narvik Sentrum;SN84701;29.01.2020;-5;0
Narvik Sentrum;SN84701;30.01.2020;-1,4;0
Narvik Sentrum;SN84701;31.01.2020;0,7;0
Narvik Sentrum;SN84701;01.02.2020;4;0
Narvik Sentrum;SN84701;02.02.2020;1,2;0
Narvik Sentrum;SN84701;03.02.2020;0,2;3,7
Narvik Sentrum;SN84701;04.02.2020;-0,6;0,2
Narvik Sentrum;SN84701;05.02.2020;-1,6;1,6
Narvik Sentrum;SN84701;06.02.2020;-1,1;2
Narvik Sentrum;SN84701;07.02.2020;3;5,7
Narvik Sentrum;SN84701;08.02.2020;5,7;2,2
Narvik Sentrum;SN84701;09.02.2020;2,1;0
Narvik Sentrum;SN84701;10.02.2020;2,8;0
Narvik Sentrum;SN84701;11.02.2020;3,5;6,1
Narvik Sentrum;SN84701;12.02.2020;3,7;0,6
Narvik Sentrum;SN84701;13.02.2020;0,5;1,4
Narvik Sentrum;SN84701;14.02.2020;1,5;0
Narvik Sentrum;SN84701;15.02.2020;-0,9;5
Narvik Sentrum;SN84701;16.02.2020;5,6;0
Narvik Sentrum;SN84701;17.02.2020;1,2;0
Narvik Sentrum;SN84701;18.02.2020;1;2,8
Narvik Sentrum;SN84701;19.02.2020;-0,3;1,8
Narvik Sentrum;SN84701;20.02.2020;-2,1;0
Narvik Sentrum;SN84701;21.02.2020;6,3;0
Narvik Sentrum;SN84701;22.02.2020;6,7;0
Narvik Sentrum;SN84701;23.02.2020;4,9;0
Narvik Sentrum;SN84701;24.02.2020;1,9;10,6
Narvik Sentrum;SN84701;25.02.2020;-1,1;1,9
Narvik Sentrum;SN84701;26.02.2020;2,1;0,6
Narvik Sentrum;SN84701;27.02.2020;3,9;4,1
Narvik Sentrum;SN84701;28.02.2020;2,3;0
Narvik Sentrum;SN84701;29.02.2020;-1,4;0
Narvik Sentrum;SN84701;01.03.2020;-2,1;0,9
Narvik Sentrum;SN84701;02.03.2020;-2,3;0
Narvik Sentrum;SN84701;03.03.2020;0,8;0
Narvik Sentrum;SN84701;04.03.2020;2,7;0
Narvik Sentrum;SN84701;05.03.2020;-1,5;0
Narvik Sentrum;SN84701;06.03.2020;3;1,8
Narvik Sentrum;SN84701;07.03.2020;5;1,7
Narvik Sentrum;SN84701;08.03.2020;4,5;0
Narvik Sentrum;SN84701;09.03.2020;8,8;0,9
Narvik Sentrum;SN84701;10.03.2020;6,6;1,3
Narvik Sentrum;SN84701;11.03.2020;-0,5;0
Narvik Sentrum;SN84701;12.03.2020;-0,3;0
Narvik Sentrum;SN84701;13.03.2020;-1,6;0,8
Narvik Sentrum;SN84701;14.03.2020;-0,4;4,4
Narvik Sentrum;SN84701;15.03.2020;3,6;0,3
Narvik Sentrum;SN84701;16.03.2020;2,8;1,3
Narvik Sentrum;SN84701;17.03.2020;2,1;0
Narvik Sentrum;SN84701;18.03.2020;4,7;1
Narvik Sentrum;SN84701;19.03.2020;3,1;4,1
Narvik Sentrum;SN84701;20.03.2020;-0,3;0,3
Narvik Sentrum;SN84701;21.03.2020;2,7;0,4
Narvik Sentrum;SN84701;22.03.2020;5,8;0
Narvik Sentrum;SN84701;23.03.2020;7,5;0,6
Narvik Sentrum;SN84701;24.03.2020;8;0
Narvik Sentrum;SN84701;25.03.2020;6,4;9,1
Narvik Sentrum;SN84701;26.03.2020;6,8;0,8
Narvik Sentrum;SN84701;27.03.2020;5;0,8
Narvik Sentrum;SN84701;28.03.2020;4,6;4,6
Narvik Sentrum;SN84701;29.03.2020;-1,2;4,1
Narvik Sentrum;SN84701;30.03.2020;-0,2;0,2
Narvik Sentrum;SN84701;31.03.2020;3,4;4,5
Narvik Sentrum;SN84701;01.04.2020;3,1;0,3
Narvik Sentrum;SN84701;02.04.2020;-1,7;0
Narvik Sentrum;SN84701;03.04.2020;2;0
Narvik Sentrum;SN84701;04.04.2020;0,3;0,3
Narvik Sentrum;SN84701;05.04.2020;0,5;0,9
Narvik Sentrum;SN84701;06.04.2020;2,2;0
Narvik Sentrum;SN84701;07.04.2020;6,4;0
Narvik Sentrum;SN84701;08.04.2020;8,4;3,3
Narvik Sentrum;SN84701;09.04.2020;3,9;2,8
Narvik Sentrum;SN84701;10.04.2020;1,8;0,6
Narvik Sentrum;SN84701;11.04.2020;2,3;1,1
Narvik Sentrum;SN84701;12.04.2020;1,4;0
Narvik Sentrum;SN84701;13.04.2020;3,9;1
Narvik Sentrum;SN84701;14.04.2020;4,6;0
Narvik Sentrum;SN84701;15.04.2020;6,6;5
Narvik Sentrum;SN84701;16.04.2020;5;0,3
Narvik Sentrum;SN84701;17.04.2020;3,8;-
Narvik Sentrum;SN84701;18.04.2020;4,4;-
Narvik Sentrum;SN84701;19.04.2020;5,3;-
Narvik Sentrum;SN84701;20.04.2020;7,5;-
Narvik Sentrum;SN84701;21.04.2020;7,8;-
Narvik Sentrum;SN84701;22.04.2020;5,7;-
Narvik Sentrum;SN84701;23.04.2020;4,2;-
Narvik Sentrum;SN84701;24.04.2020;5,4;-
Narvik Sentrum;SN84701;25.04.2020;3,7;-
Narvik Sentrum;SN84701;26.04.2020;4,1;-
Narvik Sentrum;SN84701;27.04.2020;4;-
Narvik Sentrum;SN84701;28.04.2020;4,3;-
Narvik Sentrum;SN84701;29.04.2020;5,3;-
Narvik Sentrum;SN84701;30.04.2020;6,8;-
Narvik Sentrum;SN84701;01.05.2020;6,7;-
Narvik Sentrum;SN84701;02.05.2020;8,7;-
Narvik Sentrum;SN84701;03.05.2020;7,1;-
Narvik Sentrum;SN84701;04.05.2020;4,8;-
Narvik Sentrum;SN84701;05.05.2020;7,8;-
Narvik Sentrum;SN84701;06.05.2020;6,8;-
Narvik Sentrum;SN84701;07.05.2020;4,7;-
Narvik Sentrum;SN84701;08.05.2020;4,3;-
Narvik Sentrum;SN84701;09.05.2020;3,8;-
Narvik Sentrum;SN84701;10.05.2020;4,3;-
Narvik Sentrum;SN84701;11.05.2020;3,5;-
Narvik Sentrum;SN84701;12.05.2020;3,6;-
Narvik Sentrum;SN84701;13.05.2020;4,4;-
Narvik Sentrum;SN84701;14.05.2020;5,2;-
Narvik Sentrum;SN84701;15.05.2020;4,3;-
Narvik Sentrum;SN84701;16.05.2020;9,6;-
Narvik Sentrum;SN84701;17.05.2020;8,7;-
Narvik Sentrum;SN84701;18.05.2020;6;-
Narvik Sentrum;SN84701;19.05.2020;6,8;-
Narvik Sentrum;SN84701;20.05.2020;7,1;-
Narvik Sentrum;SN84701;21.05.2020;8,7;-
Narvik Sentrum;SN84701;22.05.2020;12,9;-
Narvik Sentrum;SN84701;23.05.2020;17,3;-
Narvik Sentrum;SN84701;24.05.2020;14,5;-
Narvik Sentrum;SN84701;25.05.2020;13,1;-
Narvik Sentrum;SN84701;26.05.2020;14;-
Narvik Sentrum;SN84701;27.05.2020;11,7;-
Narvik Sentrum;SN84701;28.05.2020;8,7;-
Narvik Sentrum;SN84701;29.05.2020;8,1;-
Narvik Sentrum;SN84701;30.05.2020;10,4;-
Narvik Sentrum;SN84701;31.05.2020;18,2;-
Narvik Sentrum;SN84701;01.06.2020;20,1;-
Narvik Sentrum;SN84701;02.06.2020;16,6;-
Narvik Sentrum;SN84701;03.06.2020;11,5;-
Narvik Sentrum;SN84701;04.06.2020;17,3;-
Narvik Sentrum;SN84701;05.06.2020;20,8;-
Narvik Sentrum;SN84701;06.06.2020;16,4;-
Narvik Sentrum;SN84701;07.06.2020;12,9;-
Narvik Sentrum;SN84701;08.06.2020;9,3;-
Narvik Sentrum;SN84701;09.06.2020;11,2;-
Narvik Sentrum;SN84701;10.06.2020;13,3;-
Narvik Sentrum;SN84701;11.06.2020;12,4;-
Narvik Sentrum;SN84701;12.06.2020;17,6;-
Narvik Sentrum;SN84701;13.06.2020;25,5;-
Narvik Sentrum;SN84701;14.06.2020;22,8;-
Narvik Sentrum;SN84701;15.06.2020;12,9;-
Narvik Sentrum;SN84701;16.06.2020;15,8;-
Narvik Sentrum;SN84701;17.06.2020;22,1;-
Narvik Sentrum;SN84701;18.06.2020;19,6;-
Narvik Sentrum;SN84701;19.06.2020;14,4;-
Narvik Sentrum;SN84701;20.06.2020;22,9;-
Narvik Sentrum;SN84701;21.06.2020;26,1;-
Narvik Sentrum;SN84701;22.06.2020;28,2;-
Narvik Sentrum;SN84701;23.06.2020;25,5;-
Narvik Sentrum;SN84701;24.06.2020;19,9;-
Narvik Sentrum;SN84701;25.06.2020;17,9;-
Narvik Sentrum;SN84701;26.06.2020;14,9;-
Narvik Sentrum;SN84701;27.06.2020;19;-
Narvik Sentrum;SN84701;28.06.2020;23,8;-
Narvik Sentrum;SN84701;29.06.2020;21;-
Narvik Sentrum;SN84701;30.06.2020;15;-
Narvik Sentrum;SN84701;01.07.2020;10;2,1
Narvik Sentrum;SN84701;02.07.2020;12,5;23
Narvik Sentrum;SN84701;03.07.2020;14,8;3,2
Narvik Sentrum;SN84701;04.07.2020;14,9;0
Narvik Sentrum;SN84701;05.07.2020;14,5;0,2
Narvik Sentrum;SN84701;06.07.2020;16,8;0
Narvik Sentrum;SN84701;07.07.2020;14,5;1,1
Narvik Sentrum;SN84701;08.07.2020;14,9;7
Narvik Sentrum;SN84701;09.07.2020;14,1;0,5
Narvik Sentrum;SN84701;10.07.2020;12,8;3,1
Narvik Sentrum;SN84701;11.07.2020;18,4;0
Narvik Sentrum;SN84701;12.07.2020;15,5;0
Narvik Sentrum;SN84701;13.07.2020;16,3;0,5
Narvik Sentrum;SN84701;14.07.2020;22,1;0
Narvik Sentrum;SN84701;15.07.2020;19,3;0
Narvik Sentrum;SN84701;16.07.2020;21,1;0
Narvik Sentrum;SN84701;17.07.2020;20,3;0,8
Narvik Sentrum;SN84701;18.07.2020;17,2;2,4
Narvik Sentrum;SN84701;19.07.2020;16;0,7
Narvik Sentrum;SN84701;20.07.2020;15,6;1,4
Narvik Sentrum;SN84701;21.07.2020;12,2;12,3
Narvik Sentrum;SN84701;22.07.2020;12,3;27,6
Narvik Sentrum;SN84701;23.07.2020;12,4;6,3
Narvik Sentrum;SN84701;24.07.2020;18,2;3,6
Narvik Sentrum;SN84701;25.07.2020;18,6;8,8
Narvik Sentrum;SN84701;26.07.2020;22,5;0
Narvik Sentrum;SN84701;27.07.2020;24,2;0
Narvik Sentrum;SN84701;28.07.2020;23,8;0
Narvik Sentrum;SN84701;29.07.2020;21,6;0
Narvik Sentrum;SN84701;30.07.2020;24,5;0
Narvik Sentrum;SN84701;31.07.2020;23,3;0
Narvik Sentrum;SN84701;01.08.2020;20,4;0
Narvik Sentrum;SN84701;02.08.2020;22,7;0
Narvik Sentrum;SN84701;03.08.2020;23,4;0
Narvik Sentrum;SN84701;04.08.2020;20,9;0
Narvik Sentrum;SN84701;05.08.2020;17,1;5,7
Narvik Sentrum;SN84701;06.08.2020;21,9;0
Narvik Sentrum;SN84701;07.08.2020;20,3;0,7
Narvik Sentrum;SN84701;08.08.2020;23,8;0
Narvik Sentrum;SN84701;09.08.2020;21;11,3
Narvik Sentrum;SN84701;10.08.2020;15,5;2,4
Narvik Sentrum;SN84701;11.08.2020;21,5;0
Narvik Sentrum;SN84701;12.08.2020;17,4;0
Narvik Sentrum;SN84701;13.08.2020;16,2;0
Narvik Sentrum;SN84701;14.08.2020;14,4;2,2
Narvik Sentrum;SN84701;15.08.2020;15;0,4
Narvik Sentrum;SN84701;16.08.2020;13,3;3,6
Narvik Sentrum;SN84701;17.08.2020;12,1;1,7
Narvik Sentrum;SN84701;18.08.2020;14,9;0
Narvik Sentrum;SN84701;19.08.2020;14;0
Narvik Sentrum;SN84701;20.08.2020;14,3;6,2
Narvik Sentrum;SN84701;21.08.2020;18;0
Narvik Sentrum;SN84701;22.08.2020;23,5;0,2
Narvik Sentrum;SN84701;23.08.2020;16,8;7,8
Narvik Sentrum;SN84701;24.08.2020;12,9;12
Narvik Sentrum;SN84701;25.08.2020;15;3,6
Narvik Sentrum;SN84701;26.08.2020;11,9;0
Narvik Sentrum;SN84701;27.08.2020;12,3;1,8
Narvik Sentrum;SN84701;28.08.2020;11,7;2
Narvik Sentrum;SN84701;29.08.2020;13,7;4,8
Narvik Sentrum;SN84701;30.08.2020;11;2,4
Narvik Sentrum;SN84701;31.08.2020;12;3,4
Narvik Sentrum;SN84701;01.09.2020;14,5;6,2
Narvik Sentrum;SN84701;02.09.2020;16;0
Narvik Sentrum;SN84701;03.09.2020;21,8;0
Narvik Sentrum;SN84701;04.09.2020;17;0
Narvik Sentrum;SN84701;05.09.2020;15,7;11
Narvik Sentrum;SN84701;06.09.2020;13,4;1,2
Narvik Sentrum;SN84701;07.09.2020;14,5;2,4
Narvik Sentrum;SN84701;08.09.2020;16,2;0
Narvik Sentrum;SN84701;09.09.2020;12;3,4
Narvik Sentrum;SN84701;10.09.2020;11,1;0,4
Narvik Sentrum;SN84701;11.09.2020;9,8;4,1
Narvik Sentrum;SN84701;12.09.2020;12,4;2,2
Narvik Sentrum;SN84701;13.09.2020;13,1;1,2
Narvik Sentrum;SN84701;14.09.2020;11,1;7,8
Narvik Sentrum;SN84701;15.09.2020;10,8;9,6
Narvik Sentrum;SN84701;16.09.2020;10,6;4,5
Narvik Sentrum;SN84701;17.09.2020;8,5;1,4
Narvik Sentrum;SN84701;18.09.2020;10,7;10,2
Narvik Sentrum;SN84701;19.09.2020;8,8;13
Narvik Sentrum;SN84701;20.09.2020;10,7;5,2
Narvik Sentrum;SN84701;21.09.2020;12,3;7,5
Narvik Sentrum;SN84701;22.09.2020;9,7;18,2
Narvik Sentrum;SN84701;23.09.2020;16,2;1,9
Narvik Sentrum;SN84701;24.09.2020;13,8;0
Narvik Sentrum;SN84701;25.09.2020;9,8;5,3
Narvik Sentrum;SN84701;26.09.2020;9,5;3,5
Narvik Sentrum;SN84701;27.09.2020;10,2;0,2
Narvik Sentrum;SN84701;28.09.2020;14,7;0
Narvik Sentrum;SN84701;29.09.2020;15,5;0
Narvik Sentrum;SN84701;30.09.2020;13,2;0
Narvik Sentrum;SN84701;01.10.2020;15,5;0
Narvik Sentrum;SN84701;02.10.2020;16,8;0
Narvik Sentrum;SN84701;03.10.2020;14;0
Narvik Sentrum;SN84701;04.10.2020;14,4;0
Narvik Sentrum;SN84701;05.10.2020;12,9;0
Narvik Sentrum;SN84701;06.10.2020;14,1;0
Narvik Sentrum;SN84701;07.10.2020;14,6;0
Narvik Sentrum;SN84701;08.10.2020;16,2;2,8
Narvik Sentrum;SN84701;09.10.2020;11,8;0
Narvik Sentrum;SN84701;10.10.2020;10,1;2,6
Narvik Sentrum;SN84701;11.10.2020;10,2;4,6
Narvik Sentrum;SN84701;12.10.2020;8,6;0
Narvik Sentrum;SN84701;13.10.2020;7,6;0
Narvik Sentrum;SN84701;14.10.2020;9,1;1,2
Narvik Sentrum;SN84701;15.10.2020;6,7;0,3
Narvik Sentrum;SN84701;16.10.2020;7,2;2,1
Narvik Sentrum;SN84701;17.10.2020;7,6;16,5
Narvik Sentrum;SN84701;18.10.2020;3,6;6
Narvik Sentrum;SN84701;19.10.2020;4,1;0
Narvik Sentrum;SN84701;20.10.2020;3,2;0
Narvik Sentrum;SN84701;21.10.2020;3,5;0
Narvik Sentrum;SN84701;22.10.2020;1,8;0
Narvik Sentrum;SN84701;23.10.2020;2,2;0
Narvik Sentrum;SN84701;24.10.2020;4,2;0
Narvik Sentrum;SN84701;25.10.2020;5,6;1,1
Narvik Sentrum;SN84701;26.10.2020;8,6;1,6
Narvik Sentrum;SN84701;27.10.2020;4,2;0
Narvik Sentrum;SN84701;28.10.2020;4,1;0
Narvik Sentrum;SN84701;29.10.2020;3,6;0
Narvik Sentrum;SN84701;30.10.2020;3,3;0,4
Narvik Sentrum;SN84701;31.10.2020;4,1;0
Narvik Sentrum;SN84701;01.11.2020;7,7;0
Narvik Sentrum;SN84701;02.11.2020;12,6;0
Narvik Sentrum;SN84701;03.11.2020;8,4;12,5
Narvik Sentrum;SN84701;04.11.2020;9,7;0
Narvik Sentrum;SN84701;05.11.2020;8;2,6
Narvik Sentrum;SN84701;06.11.2020;10,1;5,7
Narvik Sentrum;SN84701;07.11.2020;8,6;15,4
Narvik Sentrum;SN84701;08.11.2020;5,7;4,4
Narvik Sentrum;SN84701;09.11.2020;6,6;4
Narvik Sentrum;SN84701;10.11.2020;3,3;0
Narvik Sentrum;SN84701;11.11.2020;4,4;0
Narvik Sentrum;SN84701;12.11.2020;5,7;0
Narvik Sentrum;SN84701;13.11.2020;3,9;0
Narvik Sentrum;SN84701;14.11.2020;6,3;0
Narvik Sentrum;SN84701;15.11.2020;11;0
Narvik Sentrum;SN84701;16.11.2020;13,8;1,9
Narvik Sentrum;SN84701;17.11.2020;14,4;0
Narvik Sentrum;SN84701;18.11.2020;10,9;0
Narvik Sentrum;SN84701;19.11.2020;1,9;6,7
Narvik Sentrum;SN84701;20.11.2020;2,6;3,7
Narvik Sentrum;SN84701;21.11.2020;4,2;0,2
Narvik Sentrum;SN84701;22.11.2020;5,2;0
Narvik Sentrum;SN84701;23.11.2020;3,9;0
Narvik Sentrum;SN84701;24.11.2020;2,3;1,5
Narvik Sentrum;SN84701;25.11.2020;2,2;0
Narvik Sentrum;SN84701;26.11.2020;1;0
Narvik Sentrum;SN84701;27.11.2020;4,6;0
Narvik Sentrum;SN84701;28.11.2020;5,9;0,3
Narvik Sentrum;SN84701;29.11.2020;9,5;0,2
Narvik Sentrum;SN84701;30.11.2020;8,7;0,2
Narvik Sentrum;SN84701;01.12.2020;3,1;2,8
Narvik Sentrum;SN84701;02.12.2020;6,9;0
Narvik Sentrum;SN84701;03.12.2020;6,6;0,3
Narvik Sentrum;SN84701;04.12.2020;6,9;0,3
Narvik Sentrum;SN84701;05.12.2020;2,4;0
Narvik Sentrum;SN84701;06.12.2020;1,7;0,5
Narvik Sentrum;SN84701;07.12.2020;1,7;0
Narvik Sentrum;SN84701;08.12.2020;2;0
Narvik Sentrum;SN84701;09.12.2020;2,9;0
Narvik Sentrum;SN84701;10.12.2020;3,5;0,5
Narvik Sentrum;SN84701;11.12.2020;-0,7;0,2
Narvik Sentrum;SN84701;12.12.2020;-0,6;0
Narvik Sentrum;SN84701;13.12.2020;-1,8;0
Narvik Sentrum;SN84701;14.12.2020;2,4;0
Narvik Sentrum;SN84701;15.12.2020;1,3;0
Narvik Sentrum;SN84701;16.12.2020;2,4;0
Narvik Sentrum;SN84701;17.12.2020;1,9;0
Narvik Sentrum;SN84701;18.12.2020;-0,8;0
Narvik Sentrum;SN84701;19.12.2020;0,1;0
Narvik Sentrum;SN84701;20.12.2020;2,7;0,5
Narvik Sentrum;SN84701;21.12.2020;8,6;2,1
Narvik Sentrum;SN84701;22.12.2020;5,8;0
Narvik Sentrum;SN84701;23.12.2020;1,6;0
Narvik Sentrum;SN84701;24.12.2020;2;0
Narvik Sentrum;SN84701;25.12.2020;-1,9;0,2
Narvik Sentrum;SN84701;26.12.2020;-2,7;0
Narvik Sentrum;SN84701;27.12.2020;-6,4;0
Narvik Sentrum;SN84701;28.12.2020;7,8;0
Narvik Sentrum;SN84701;29.12.2020;5,3;0
Narvik Sentrum;SN84701;30.12.2020;2,1;0
Narvik Sentrum;SN84701;31.12.2020;1,7;0
Narvik Sentrum;SN84701;01.01.2021;2,9;0
Narvik Sentrum;SN84701;02.01.2021;0,4;0
Narvik Sentrum;SN84701;03.01.2021;2,7;0
Narvik Sentrum;SN84701;04.01.2021;5,2;0
Narvik Sentrum;SN84701;05.01.2021;4,8;0,5
Narvik Sentrum;SN84701;06.01.2021;3,5;0,7
Narvik Sentrum;SN84701;07.01.2021;0,1;0
Narvik Sentrum;SN84701;08.01.2021;-6,2;0
Narvik Sentrum;SN84701;09.01.2021;-6,1;0
Narvik Sentrum;SN84701;10.01.2021;-0,1;0
Narvik Sentrum;SN84701;11.01.2021;-1,2;0
Narvik Sentrum;SN84701;12.01.2021;-2,9;0
Narvik Sentrum;SN84701;13.01.2021;-3,8;0
Narvik Sentrum;SN84701;14.01.2021;0,6;0
Narvik Sentrum;SN84701;15.01.2021;3;0
Narvik Sentrum;SN84701;16.01.2021;3;0,2
Narvik Sentrum;SN84701;17.01.2021;1;0,2
Narvik Sentrum;SN84701;18.01.2021;-3,1;0
Narvik Sentrum;SN84701;19.01.2021;-4,2;0
Narvik Sentrum;SN84701;20.01.2021;-3,8;0
Narvik Sentrum;SN84701;21.01.2021;-4;0
Narvik Sentrum;SN84701;22.01.2021;-4,8;0
Narvik Sentrum;SN84701;23.01.2021;-7,3;0
Narvik Sentrum;SN84701;24.01.2021;-8,2;0
Narvik Sentrum;SN84701;25.01.2021;-8,9;0
Narvik Sentrum;SN84701;26.01.2021;-7,4;0
Narvik Sentrum;SN84701;27.01.2021;-3,6;0
Narvik Sentrum;SN84701;28.01.2021;-2,9;0
Narvik Sentrum;SN84701;29.01.2021;-7,2;0
Narvik Sentrum;SN84701;30.01.2021;-8,6;0
Narvik Sentrum;SN84701;31.01.2021;-5,8;0
Narvik Sentrum;SN84701;01.02.2021;-3,9;0
Narvik Sentrum;SN84701;02.02.2021;-2,8;0
Narvik Sentrum;SN84701;03.02.2021;-7,2;0
Narvik Sentrum;SN84701;04.02.2021;-4,6;0
Narvik Sentrum;SN84701;05.02.2021;-1,2;0
Narvik Sentrum;SN84701;06.02.2021;-0,7;0
Narvik Sentrum;SN84701;07.02.2021;0;0
Narvik Sentrum;SN84701;08.02.2021;-0,4;0,2
Narvik Sentrum;SN84701;09.02.2021;-1,9;3,3
Narvik Sentrum;SN84701;10.02.2021;-2,4;0
Narvik Sentrum;SN84701;11.02.2021;-0,8;7,5
Narvik Sentrum;SN84701;12.02.2021;1,6;3,1
Narvik Sentrum;SN84701;13.02.2021;-0,4;0,7
Narvik Sentrum;SN84701;14.02.2021;0,3;0,3
Narvik Sentrum;SN84701;15.02.2021;2,3;1,1
Narvik Sentrum;SN84701;16.02.2021;-0,5;0
Narvik Sentrum;SN84701;17.02.2021;-5,4;0
Narvik Sentrum;SN84701;18.02.2021;-7,5;0
Narvik Sentrum;SN84701;19.02.2021;-4,8;0
Narvik Sentrum;SN84701;20.02.2021;-4,4;0
Narvik Sentrum;SN84701;21.02.2021;-4,5;0
Narvik Sentrum;SN84701;22.02.2021;-2,1;3,1
Narvik Sentrum;SN84701;23.02.2021;-2,4;0
Narvik Sentrum;SN84701;24.02.2021;0,5;0
Narvik Sentrum;SN84701;25.02.2021;6,2;4,9
Narvik Sentrum;SN84701;26.02.2021;4,1;21,7
Narvik Sentrum;SN84701;27.02.2021;3,4;1,6
Narvik Sentrum;SN84701;28.02.2021;8,1;4,3
Narvik Sentrum;SN84701;01.03.2021;7,6;5,3
Narvik Sentrum;SN84701;02.03.2021;2,9;0,8
Narvik Sentrum;SN84701;03.03.2021;2,7;2,3
Narvik Sentrum;SN84701;04.03.2021;0,3;0,6
Narvik Sentrum;SN84701;05.03.2021;-1,1;0,8
Narvik Sentrum;SN84701;06.03.2021;0;4,2
Narvik Sentrum;SN84701;07.03.2021;-0,3;0,6
Narvik Sentrum;SN84701;08.03.2021;0,2;0,6
Narvik Sentrum;SN84701;09.03.2021;-2,6;0,2
Narvik Sentrum;SN84701;10.03.2021;-4,3;0
Narvik Sentrum;SN84701;11.03.2021;2,8;0
Narvik Sentrum;SN84701;12.03.2021;1,9;0
Narvik Sentrum;SN84701;13.03.2021;2,3;0,6
Narvik Sentrum;SN84701;14.03.2021;3,1;0
Narvik Sentrum;SN84701;15.03.2021;2,7;2,7
Narvik Sentrum;SN84701;16.03.2021;1,9;0
Narvik Sentrum;SN84701;17.03.2021;0,2;3,8
Narvik Sentrum;SN84701;18.03.2021;0,3;0
Narvik Sentrum;SN84701;19.03.2021;6,1;2,1
Narvik Sentrum;SN84701;20.03.2021;6;1,8
Narvik Sentrum;SN84701;21.03.2021;1,4;9
Narvik Sentrum;SN84701;22.03.2021;0,2;0
Narvik Sentrum;SN84701;23.03.2021;7;1,7
Narvik Sentrum;SN84701;24.03.2021;8;9,2
Narvik Sentrum;SN84701;25.03.2021;4,7;8,5
Narvik Sentrum;SN84701;26.03.2021;6;1,4
Narvik Sentrum;SN84701;27.03.2021;6,6;0
Narvik Sentrum;SN84701;28.03.2021;6,3;7,3
Narvik Sentrum;SN84701;29.03.2021;8,1;0
Narvik Sentrum;SN84701;30.03.2021;5,2;4,6
Narvik Sentrum;SN84701;31.03.2021;4,7;2
Narvik Sentrum;SN84701;01.04.2021;3,5;0,5
Narvik Sentrum;SN84701;02.04.2021;3,8;4,4
Narvik Sentrum;SN84701;03.04.2021;5,5;0,4
Narvik Sentrum;SN84701;04.04.2021;4,2;5,7
Narvik Sentrum;SN84701;05.04.2021;2,8;8,2
Narvik Sentrum;SN84701;06.04.2021;4,1;2,2
Narvik Sentrum;SN84701;07.04.2021;1,5;4,1
Narvik Sentrum;SN84701;08.04.2021;2;2,5
Narvik Sentrum;SN84701;09.04.2021;3,2;0
Narvik Sentrum;SN84701;10.04.2021;3,2;0
Narvik Sentrum;SN84701;11.04.2021;4,2;0,8
Narvik Sentrum;SN84701;12.04.2021;4,8;1,2
Narvik Sentrum;SN84701;13.04.2021;4,4;0
Narvik Sentrum;SN84701;14.04.2021;2,9;0,5
Narvik Sentrum;SN84701;15.04.2021;7,3;0,8
Narvik Sentrum;SN84701;16.04.2021;7,4;1
Narvik Sentrum;SN84701;17.04.2021;10,2;0
Narvik Sentrum;SN84701;18.04.2021;10;0
Narvik Sentrum;SN84701;19.04.2021;13,7;0
Narvik Sentrum;SN84701;20.04.2021;13,4;0
Narvik Sentrum;SN84701;21.04.2021;12,3;1,2
Narvik Sentrum;SN84701;22.04.2021;4,5;0,6
Narvik Sentrum;SN84701;23.04.2021;3,8;0,2
Narvik Sentrum;SN84701;24.04.2021;4,4;0
Narvik Sentrum;SN84701;25.04.2021;5;0
Narvik Sentrum;SN84701;26.04.2021;4;0
Narvik Sentrum;SN84701;27.04.2021;3,5;2,8
Narvik Sentrum;SN84701;28.04.2021;2,9;2,5
Narvik Sentrum;SN84701;29.04.2021;2,8;0
Narvik Sentrum;SN84701;30.04.2021;1,4;2,4
Narvik Sentrum;SN84701;01.05.2021;2,5;0,4
Narvik Sentrum;SN84701;02.05.2021;3,5;4,7
Narvik Sentrum;SN84701;03.05.2021;5,7;0,8
Narvik Sentrum;SN84701;04.05.2021;6,5;0
Narvik Sentrum;SN84701;05.05.2021;6,7;0
Narvik Sentrum;SN84701;06.05.2021;5,5;0
Narvik Sentrum;SN84701;07.05.2021;6,2;0
Narvik Sentrum;SN84701;08.05.2021;4,3;0,7
Narvik Sentrum;SN84701;09.05.2021;5,8;1,4
Narvik Sentrum;SN84701;10.05.2021;9,5;3,7
Narvik Sentrum;SN84701;11.05.2021;7,2;0
Narvik Sentrum;SN84701;12.05.2021;16,1;2,2
Narvik Sentrum;SN84701;13.05.2021;8;0
Narvik Sentrum;SN84701;14.05.2021;7,6;0
Narvik Sentrum;SN84701;15.05.2021;12;1,5
Narvik Sentrum;SN84701;16.05.2021;12,5;0
Narvik Sentrum;SN84701;17.05.2021;15,3;0
Narvik Sentrum;SN84701;18.05.2021;15,3;0,8
Narvik Sentrum;SN84701;19.05.2021;13,4;0
Narvik Sentrum;SN84701;20.05.2021;8,9;0,3
Narvik Sentrum;SN84701;21.05.2021;12,6;0
Narvik Sentrum;SN84701;22.05.2021;10,4;0
Narvik Sentrum;SN84701;23.05.2021;8;0
Narvik Sentrum;SN84701;24.05.2021;9,9;0
Narvik Sentrum;SN84701;25.05.2021;12,6;0
Narvik Sentrum;SN84701;26.05.2021;13,2;0
Narvik Sentrum;SN84701;27.05.2021;12,6;0
Narvik Sentrum;SN84701;28.05.2021;9,3;0
Narvik Sentrum;SN84701;29.05.2021;10,8;0
Narvik Sentrum;SN84701;30.05.2021;9,1;0
Narvik Sentrum;SN84701;31.05.2021;12,3;3,2
Narvik Sentrum;SN84701;01.06.2021;19,4;0
Narvik Sentrum;SN84701;02.06.2021;25,3;0
Narvik Sentrum;SN84701;03.06.2021;23,3;0
Narvik Sentrum;SN84701;04.06.2021;24;0
Narvik Sentrum;SN84701;05.06.2021;19,9;0
Narvik Sentrum;SN84701;06.06.2021;21,6;0
Narvik Sentrum;SN84701;07.06.2021;21,6;0
Narvik Sentrum;SN84701;08.06.2021;19,3;1,2
Narvik Sentrum;SN84701;09.06.2021;17,5;0
Narvik Sentrum;SN84701;10.06.2021;18,7;0
Narvik Sentrum;SN84701;11.06.2021;18,1;0
Narvik Sentrum;SN84701;12.06.2021;13,6;24,2
Narvik Sentrum;SN84701;13.06.2021;12,7;5,1
Narvik Sentrum;SN84701;14.06.2021;12,4;2,1
Narvik Sentrum;SN84701;15.06.2021;10,7;0
Narvik Sentrum;SN84701;16.06.2021;10,6;2,3
Narvik Sentrum;SN84701;17.06.2021;13,2;0,9
Narvik Sentrum;SN84701;18.06.2021;14,6;0,6
Narvik Sentrum;SN84701;19.06.2021;12,4;4
Narvik Sentrum;SN84701;20.06.2021;14,9;0
Narvik Sentrum;SN84701;21.06.2021;14,6;0
Narvik Sentrum;SN84701;22.06.2021;13,7;3,8
Narvik Sentrum;SN84701;23.06.2021;18,2;1,3
Narvik Sentrum;SN84701;24.06.2021;16;0
Narvik Sentrum;SN84701;25.06.2021;14,5;0
Narvik Sentrum;SN84701;26.06.2021;12,9;1,2
Narvik Sentrum;SN84701;27.06.2021;14,3;0,4
Narvik Sentrum;SN84701;28.06.2021;11,6;3,2
Narvik Sentrum;SN84701;29.06.2021;11,5;6,9
Narvik Sentrum;SN84701;30.06.2021;12;0
Narvik Sentrum;SN84701;01.07.2021;15;0
Narvik Sentrum;SN84701;02.07.2021;18,9;0
Narvik Sentrum;SN84701;03.07.2021;21,7;0
Narvik Sentrum;SN84701;04.07.2021;23,4;0
Narvik Sentrum;SN84701;05.07.2021;29,4;0
Narvik Sentrum;SN84701;06.07.2021;30;0
Narvik Sentrum;SN84701;07.07.2021;26,1;0
Narvik Sentrum;SN84701;08.07.2021;20,2;17,4
Narvik Sentrum;SN84701;09.07.2021;18,4;6,7
Narvik Sentrum;SN84701;10.07.2021;19,2;0
Narvik Sentrum;SN84701;11.07.2021;22,9;0
Narvik Sentrum;SN84701;12.07.2021;21,1;4,2
Narvik Sentrum;SN84701;13.07.2021;15,6;0,2
Narvik Sentrum;SN84701;14.07.2021;19,4;5,4
Narvik Sentrum;SN84701;15.07.2021;19;0
Narvik Sentrum;SN84701;16.07.2021;13,4;17,8
Narvik Sentrum;SN84701;17.07.2021;13,5;17,7
Narvik Sentrum;SN84701;18.07.2021;13,1;5,7
Narvik Sentrum;SN84701;19.07.2021;12,6;4,1
Narvik Sentrum;SN84701;20.07.2021;10,6;6,9
Narvik Sentrum;SN84701;21.07.2021;11,3;4,2
Narvik Sentrum;SN84701;22.07.2021;12,2;27,3
Narvik Sentrum;SN84701;23.07.2021;11,9;0
Narvik Sentrum;SN84701;24.07.2021;12,5;0,7
Narvik Sentrum;SN84701;25.07.2021;13,6;10
Narvik Sentrum;SN84701;26.07.2021;19,5;21,5
Narvik Sentrum;SN84701;27.07.2021;23,2;0
Narvik Sentrum;SN84701;28.07.2021;23,7;0
Narvik Sentrum;SN84701;29.07.2021;18,3;0
Narvik Sentrum;SN84701;30.07.2021;19,9;0
Narvik Sentrum;SN84701;31.07.2021;16;3,2
Narvik Sentrum;SN84701;01.08.2021;11,3;4,3
Narvik Sentrum;SN84701;02.08.2021;12,9;14,1
Narvik Sentrum;SN84701;03.08.2021;13,8;1,6
Narvik Sentrum;SN84701;04.08.2021;13,3;1,4
Narvik Sentrum;SN84701;05.08.2021;14,4;1,2
Narvik Sentrum;SN84701;06.08.2021;22,7;1,5
Narvik Sentrum;SN84701;07.08.2021;24,4;0
Narvik Sentrum;SN84701;08.08.2021;25,1;0
Narvik Sentrum;SN84701;09.08.2021;22,8;0,9
Narvik Sentrum;SN84701;10.08.2021;20,3;5,4
Narvik Sentrum;SN84701;11.08.2021;15,8;9,8
Narvik Sentrum;SN84701;12.08.2021;13,8;5,2
Narvik Sentrum;SN84701;13.08.2021;13,8;1,9
Narvik Sentrum;SN84701;14.08.2021;16,2;0,7
Narvik Sentrum;SN84701;15.08.2021;15,4;0
Narvik Sentrum;SN84701;16.08.2021;15,1;0
Narvik Sentrum;SN84701;17.08.2021;15,7;0,1
Narvik Sentrum;SN84701;18.08.2021;15,8;0
Narvik Sentrum;SN84701;19.08.2021;18,1;8
Narvik Sentrum;SN84701;20.08.2021;15,9;4,5
Narvik Sentrum;SN84701;21.08.2021;11,5;6,2
Narvik Sentrum;SN84701;22.08.2021;10,9;3,5
Narvik Sentrum;SN84701;23.08.2021;13,9;0
Narvik Sentrum;SN84701;24.08.2021;11,8;0,3
Narvik Sentrum;SN84701;25.08.2021;15,3;5,8
Narvik Sentrum;SN84701;26.08.2021;16,7;0
Narvik Sentrum;SN84701;27.08.2021;15,9;0
Narvik Sentrum;SN84701;28.08.2021;16,3;0
Narvik Sentrum;SN84701;29.08.2021;13,5;0
Narvik Sentrum;SN84701;30.08.2021;12,8;0,4
Narvik Sentrum;SN84701;31.08.2021;12,6;2,1
Narvik Sentrum;SN84701;01.09.2021;9,4;1,8
Narvik Sentrum;SN84701;02.09.2021;8,4;0,2
Narvik Sentrum;SN84701;03.09.2021;10,9;5,2
Narvik Sentrum;SN84701;04.09.2021;10,5;1,6
Narvik Sentrum;SN84701;05.09.2021;9;1,5
Narvik Sentrum;SN84701;06.09.2021;12,8;4,1
Narvik Sentrum;SN84701;07.09.2021;10,6;2
Narvik Sentrum;SN84701;08.09.2021;12,7;23,6
Narvik Sentrum;SN84701;09.09.2021;11;3,5
Narvik Sentrum;SN84701;10.09.2021;11,9;1,7
Narvik Sentrum;SN84701;11.09.2021;12,7;0,1
Narvik Sentrum;SN84701;12.09.2021;12,3;0
Narvik Sentrum;SN84701;13.09.2021;9,2;4,2
Narvik Sentrum;SN84701;14.09.2021;8;2
Narvik Sentrum;SN84701;15.09.2021;10,9;4
Narvik Sentrum;SN84701;16.09.2021;11,8;0
Narvik Sentrum;SN84701;17.09.2021;11,9;0
Narvik Sentrum;SN84701;18.09.2021;13,6;0
Narvik Sentrum;SN84701;19.09.2021;14,5;0
Narvik Sentrum;SN84701;20.09.2021;13,6;0
Narvik Sentrum;SN84701;21.09.2021;11,7;0
Narvik Sentrum;SN84701;22.09.2021;17;1,8
Narvik Sentrum;SN84701;23.09.2021;15,5;2,8
Narvik Sentrum;SN84701;24.09.2021;10,1;1,8
Narvik Sentrum;SN84701;25.09.2021;9;0,2
Narvik Sentrum;SN84701;26.09.2021;12,1;1,4
Narvik Sentrum;SN84701;27.09.2021;17,8;0,4
Narvik Sentrum;SN84701;28.09.2021;21,5;0
Narvik Sentrum;SN84701;29.09.2021;13,5;0
Narvik Sentrum;SN84701;30.09.2021;12,6;0
Narvik Sentrum;SN84701;01.10.2021;14,8;0
Narvik Sentrum;SN84701;02.10.2021;17,5;0
Narvik Sentrum;SN84701;03.10.2021;16,8;0
Narvik Sentrum;SN84701;04.10.2021;19,4;0
Narvik Sentrum;SN84701;05.10.2021;16,8;0
Narvik Sentrum;SN84701;06.10.2021;11,1;9,8
Narvik Sentrum;SN84701;07.10.2021;8,3;0,1
Narvik Sentrum;SN84701;08.10.2021;6,6;0,9
Narvik Sentrum;SN84701;09.10.2021;9,9;5,6
Narvik Sentrum;SN84701;10.10.2021;10,5;17,3
Narvik Sentrum;SN84701;11.10.2021;9,6;7,1
Narvik Sentrum;SN84701;12.10.2021;7,7;2,8
Narvik Sentrum;SN84701;13.10.2021;5,1;3,6
Narvik Sentrum;SN84701;14.10.2021;4,8;6,9
Narvik Sentrum;SN84701;15.10.2021;5,4;0
Narvik Sentrum;SN84701;16.10.2021;4,9;0
Narvik Sentrum;SN84701;17.10.2021;5,8;0
Narvik Sentrum;SN84701;18.10.2021;4,5;0,4
Narvik Sentrum;SN84701;19.10.2021;0,4;3,2
Narvik Sentrum;SN84701;20.10.2021;2,2;0
Narvik Sentrum;SN84701;21.10.2021;2,2;0
Narvik Sentrum;SN84701;22.10.2021;2,9;0
Narvik Sentrum;SN84701;23.10.2021;2,1;0
Narvik Sentrum;SN84701;24.10.2021;3,3;0
Narvik Sentrum;SN84701;25.10.2021;2,7;0,9
Narvik Sentrum;SN84701;26.10.2021;3,2;8,9
Narvik Sentrum;SN84701;27.10.2021;2,7;10,1
Narvik Sentrum;SN84701;28.10.2021;9,2;1,2
Narvik Sentrum;SN84701;29.10.2021;8,8;3,5
Narvik Sentrum;SN84701;30.10.2021;5,8;0,1
Narvik Sentrum;SN84701;31.10.2021;5;7,9
Narvik Sentrum;SN84701;01.11.2021;6,9;0
Narvik Sentrum;SN84701;02.11.2021;12,5;0,8
Narvik Sentrum;SN84701;03.11.2021;5,6;0
Narvik Sentrum;SN84701;04.11.2021;5,7;1,1
Narvik Sentrum;SN84701;05.11.2021;4,3;1
Narvik Sentrum;SN84701;06.11.2021;3,5;0,2
Narvik Sentrum;SN84701;07.11.2021;2,7;2,7
Narvik Sentrum;SN84701;08.11.2021;1,8;0,1
Narvik Sentrum;SN84701;09.11.2021;4;0,9
Narvik Sentrum;SN84701;10.11.2021;6,1;4,7
Narvik Sentrum;SN84701;11.11.2021;7,6;17,9
Narvik Sentrum;SN84701;12.11.2021;4,6;4
Narvik Sentrum;SN84701;13.11.2021;4,1;1,5
Narvik Sentrum;SN84701;14.11.2021;4,2;0,9
Narvik Sentrum;SN84701;15.11.2021;6,3;2,3
Narvik Sentrum;SN84701;16.11.2021;7,2;18,4
Narvik Sentrum;SN84701;17.11.2021;6,9;2,5
Narvik Sentrum;SN84701;18.11.2021;5,9;5,1
Narvik Sentrum;SN84701;19.11.2021;2,5;1,2
Narvik Sentrum;SN84701;20.11.2021;3,5;14,7
Narvik Sentrum;SN84701;21.11.2021;0,4;0,1
Narvik Sentrum;SN84701;22.11.2021;-0,8;0,7
Narvik Sentrum;SN84701;23.11.2021;-0,7;0,3
Narvik Sentrum;SN84701;24.11.2021;0,3;8,1
Narvik Sentrum;SN84701;25.11.2021;-6,1;0
Narvik Sentrum;SN84701;26.11.2021;-5,8;0
Narvik Sentrum;SN84701;27.11.2021;-5,8;0
Narvik Sentrum;SN84701;28.11.2021;-6,8;0
Narvik Sentrum;SN84701;29.11.2021;-5,6;0
Narvik Sentrum;SN84701;30.11.2021;-6,6;0
Narvik Sentrum;SN84701;01.12.2021;-5,5;0
Narvik Sentrum;SN84701;02.12.2021;-0,4;0,8
Narvik Sentrum;SN84701;03.12.2021;-0,9;0
Narvik Sentrum;SN84701;04.12.2021;-3,9;0
Narvik Sentrum;SN84701;05.12.2021;-4,4;0
Narvik Sentrum;SN84701;06.12.2021;-11,9;0
Narvik Sentrum;SN84701;07.12.2021;-8,1;0
Narvik Sentrum;SN84701;08.12.2021;-5,7;0
Narvik Sentrum;SN84701;09.12.2021;-9,6;0
Narvik Sentrum;SN84701;10.12.2021;-1,5;0
Narvik Sentrum;SN84701;11.12.2021;-1,5;0
Narvik Sentrum;SN84701;12.12.2021;0,4;1,4
Narvik Sentrum;SN84701;13.12.2021;0,1;0
Narvik Sentrum;SN84701;14.12.2021;1,7;0
Narvik Sentrum;SN84701;15.12.2021;6;0
Narvik Sentrum;SN84701;16.12.2021;5,2;10,7
Narvik Sentrum;SN84701;17.12.2021;6;5,5
Narvik Sentrum;SN84701;18.12.2021;7,1;6,6
Narvik Sentrum;SN84701;19.12.2021;4,9;15,5
Narvik Sentrum;SN84701;20.12.2021;1,7;2,6
Narvik Sentrum;SN84701;21.12.2021;-5,8;0
Narvik Sentrum;SN84701;22.12.2021;-4,2;0
Narvik Sentrum;SN84701;23.12.2021;0,5;10,5
Narvik Sentrum;SN84701;24.12.2021;-4,3;0,6
Narvik Sentrum;SN84701;25.12.2021;-2,2;2,2
Narvik Sentrum;SN84701;26.12.2021;-5,9;0
Narvik Sentrum;SN84701;27.12.2021;-5,3;0
Narvik Sentrum;SN84701;28.12.2021;-6;0
Narvik Sentrum;SN84701;29.12.2021;-7,9;0
Narvik Sentrum;SN84701;30.12.2021;-3,5;1
Narvik Sentrum;SN84701;31.12.2021;-2,8;0
Narvik Sentrum;SN84701;01.01.2022;-2,4;2,5
Narvik Sentrum;SN84701;02.01.2022;0,1;3,4
Narvik Sentrum;SN84701;03.01.2022;-1,2;0
Narvik Sentrum;SN84701;04.01.2022;-4;0
Narvik Sentrum;SN84701;05.01.2022;-2,3;1,2
Narvik Sentrum;SN84701;06.01.2022;-2,1;9,1
Narvik Sentrum;SN84701;07.01.2022;-3;6,2
Narvik Sentrum;SN84701;08.01.2022;-4,7;0
Narvik Sentrum;SN84701;09.01.2022;-5;0,4
Narvik Sentrum;SN84701;10.01.2022;-8,9;0
Narvik Sentrum;SN84701;11.01.2022;-0,3;0
Narvik Sentrum;SN84701;12.01.2022;7,3;0,8
Narvik Sentrum;SN84701;13.01.2022;4,1;7,7
Narvik Sentrum;SN84701;14.01.2022;2,6;11,3
Narvik Sentrum;SN84701;15.01.2022;2,3;13,6
Narvik Sentrum;SN84701;16.01.2022;5,3;30,3
Narvik Sentrum;SN84701;17.01.2022;0,2;15,6
Narvik Sentrum;SN84701;18.01.2022;7;1,7
Narvik Sentrum;SN84701;19.01.2022;7,7;16,5
Narvik Sentrum;SN84701;20.01.2022;1,3;10,3
Narvik Sentrum;SN84701;21.01.2022;-0,1;14,6
Narvik Sentrum;SN84701;22.01.2022;1,2;2,6
Narvik Sentrum;SN84701;23.01.2022;9,2;4,3
Narvik Sentrum;SN84701;24.01.2022;8,8;20,4
Narvik Sentrum;SN84701;25.01.2022;0;0,7
Narvik Sentrum;SN84701;26.01.2022;0,2;2,2
Narvik Sentrum;SN84701;27.01.2022;-3,4;0
Narvik Sentrum;SN84701;28.01.2022;-0,6;3,4
Narvik Sentrum;SN84701;29.01.2022;-2,5;1,2
Narvik Sentrum;SN84701;30.01.2022;-3,4;0
Narvik Sentrum;SN84701;31.01.2022;-4,7;0,3
Narvik Sentrum;SN84701;01.02.2022;-6,7;0
Narvik Sentrum;SN84701;02.02.2022;-7,6;0
Narvik Sentrum;SN84701;03.02.2022;-6,4;0
Narvik Sentrum;SN84701;04.02.2022;-0,3;0
Narvik Sentrum;SN84701;05.02.2022;4,4;0,6
Narvik Sentrum;SN84701;06.02.2022;5,2;0
Narvik Sentrum;SN84701;07.02.2022;-0,6;0
Narvik Sentrum;SN84701;08.02.2022;-0,1;3,2
Narvik Sentrum;SN84701;09.02.2022;2,9;0,2
Narvik Sentrum;SN84701;10.02.2022;-0,1;0
Narvik Sentrum;SN84701;11.02.2022;0,4;5,7
Narvik Sentrum;SN84701;12.02.2022;-2,1;0,6
Narvik Sentrum;SN84701;13.02.2022;-6;0
Narvik Sentrum;SN84701;14.02.2022;-0,3;0,9
Narvik Sentrum;SN84701;15.02.2022;-1,7;4,1
Narvik Sentrum;SN84701;16.02.2022;-2,1;0
Narvik Sentrum;SN84701;17.02.2022;-1,4;0
Narvik Sentrum;SN84701;18.02.2022;-1,2;0
Narvik Sentrum;SN84701;19.02.2022;-1,9;0
Narvik Sentrum;SN84701;20.02.2022;-2,4;0
Narvik Sentrum;SN84701;21.02.2022;-5,4;0
Narvik Sentrum;SN84701;22.02.2022;-3,3;0
Narvik Sentrum;SN84701;23.02.2022;-5,5;0
Narvik Sentrum;SN84701;24.02.2022;4;0
Narvik Sentrum;SN84701;25.02.2022;4,4;2,1
Narvik Sentrum;SN84701;26.02.2022;2,2;0,6
Narvik Sentrum;SN84701;27.02.2022;8,9;10,8
Narvik Sentrum;SN84701;28.02.2022;5,8;3,6
Narvik Sentrum;SN84701;01.03.2022;5,5;0
Narvik Sentrum;SN84701;02.03.2022;5,3;1,7
Narvik Sentrum;SN84701;03.03.2022;2,2;5,9
Narvik Sentrum;SN84701;04.03.2022;0,3;0,3
Narvik Sentrum;SN84701;05.03.2022;2,9;1,6
Narvik Sentrum;SN84701;06.03.2022;3;2,9
Narvik Sentrum;SN84701;07.03.2022;0,8;3,5
Narvik Sentrum;SN84701;08.03.2022;2,7;3,7
Narvik Sentrum;SN84701;09.03.2022;1,6;0
Narvik Sentrum;SN84701;10.03.2022;6;0
Narvik Sentrum;SN84701;11.03.2022;5,9;1,6
Narvik Sentrum;SN84701;12.03.2022;10,3;4,4
Narvik Sentrum;SN84701;13.03.2022;9;0
Narvik Sentrum;SN84701;14.03.2022;7,2;0
Narvik Sentrum;SN84701;15.03.2022;8,1;0
Narvik Sentrum;SN84701;16.03.2022;6,7;0
Narvik Sentrum;SN84701;17.03.2022;6,7;0
Narvik Sentrum;SN84701;18.03.2022;8,7;0,1
Narvik Sentrum;SN84701;19.03.2022;7,6;6,4
Narvik Sentrum;SN84701;20.03.2022;9,4;39,5
Narvik Sentrum;SN84701;21.03.2022;9,3;0
Narvik Sentrum;SN84701;22.03.2022;6,5;0,5
Narvik Sentrum;SN84701;23.03.2022;7,2;0,8
Narvik Sentrum;SN84701;24.03.2022;5,3;23,4
Narvik Sentrum;SN84701;25.03.2022;3,3;0,3
Narvik Sentrum;SN84701;26.03.2022;-0,2;2,6
Narvik Sentrum;SN84701;27.03.2022;-0,8;0,6
Narvik Sentrum;SN84701;28.03.2022;-2,1;0,6
Narvik Sentrum;SN84701;29.03.2022;0,1;0,7
Narvik Sentrum;SN84701;30.03.2022;1,2;0
Narvik Sentrum;SN84701;31.03.2022;1,4;0
Narvik Sentrum;SN84701;01.04.2022;0,8;0
Narvik Sentrum;SN84701;02.04.2022;1;1,7
Narvik Sentrum;SN84701;03.04.2022;1;6
Narvik Sentrum;SN84701;04.04.2022;0,7;0
Narvik Sentrum;SN84701;05.04.2022;-2,9;0
Narvik Sentrum;SN84701;06.04.2022;1,6;1
Narvik Sentrum;SN84701;07.04.2022;2,6;0
Narvik Sentrum;SN84701;08.04.2022;4,2;0
Narvik Sentrum;SN84701;09.04.2022;7,6;0,4
Narvik Sentrum;SN84701;10.04.2022;6,7;5,9
Narvik Sentrum;SN84701;11.04.2022;4,2;0
Narvik Sentrum;SN84701;12.04.2022;5,3;1,1
Narvik Sentrum;SN84701;13.04.2022;5,7;0,3
Narvik Sentrum;SN84701;14.04.2022;6;1,3
Narvik Sentrum;SN84701;15.04.2022;4,8;0
Narvik Sentrum;SN84701;16.04.2022;6,2;0
Narvik Sentrum;SN84701;17.04.2022;6,4;1,4
Narvik Sentrum;SN84701;18.04.2022;6,2;1,8
Narvik Sentrum;SN84701;19.04.2022;13;0,5
Narvik Sentrum;SN84701;20.04.2022;11,8;0
Narvik Sentrum;SN84701;21.04.2022;8,4;0
Narvik Sentrum;SN84701;22.04.2022;6,3;1
Narvik Sentrum;SN84701;23.04.2022;8,4;0,1
Narvik Sentrum;SN84701;24.04.2022;7,3;0
Narvik Sentrum;SN84701;25.04.2022;5,2;2,8
Narvik Sentrum;SN84701;26.04.2022;0,7;0,7
Narvik Sentrum;SN84701;27.04.2022;0,7;0,6
Narvik Sentrum;SN84701;28.04.2022;1,7;1,9
Narvik Sentrum;SN84701;29.04.2022;3,1;1
Narvik Sentrum;SN84701;30.04.2022;2,9;2,9
Narvik Sentrum;SN84701;01.05.2022;2,4;0
Narvik Sentrum;SN84701;02.05.2022;2,8;12,5
Narvik Sentrum;SN84701;03.05.2022;2,4;0,6
Narvik Sentrum;SN84701;04.05.2022;4,2;1,1
Narvik Sentrum;SN84701;05.05.2022;6,4;0,2
Narvik Sentrum;SN84701;06.05.2022;12;0,2
Narvik Sentrum;SN84701;07.05.2022;12;2,4
Narvik Sentrum;SN84701;08.05.2022;4,2;1,6
Narvik Sentrum;SN84701;09.05.2022;4,9;1,1
Narvik Sentrum;SN84701;10.05.2022;9,2;14,4
Narvik Sentrum;SN84701;11.05.2022;8,2;2
Narvik Sentrum;SN84701;12.05.2022;10,1;8,2
Narvik Sentrum;SN84701;13.05.2022;8,1;8,6
Narvik Sentrum;SN84701;14.05.2022;7,8;0,7
Narvik Sentrum;SN84701;15.05.2022;6,9;4,2
Narvik Sentrum;SN84701;16.05.2022;4,4;16,5
Narvik Sentrum;SN84701;17.05.2022;4,2;0
Narvik Sentrum;SN84701;18.05.2022;9,4;13,1
Narvik Sentrum;SN84701;19.05.2022;11,7;2
Narvik Sentrum;SN84701;20.05.2022;12,9;0
Narvik Sentrum;SN84701;21.05.2022;12,8;3,1
Narvik Sentrum;SN84701;22.05.2022;12,7;0,1
Narvik Sentrum;SN84701;23.05.2022;18,8;0
Narvik Sentrum;SN84701;24.05.2022;18;0
Narvik Sentrum;SN84701;25.05.2022;17,8;0
Narvik Sentrum;SN84701;26.05.2022;16,1;0
Narvik Sentrum;SN84701;27.05.2022;14,1;0
Narvik Sentrum;SN84701;28.05.2022;9,5;0,7
Narvik Sentrum;SN84701;29.05.2022;17,1;3
Narvik Sentrum;SN84701;30.05.2022;20,6;0
Narvik Sentrum;SN84701;31.05.2022;20,5;0
Narvik Sentrum;SN84701;01.06.2022;18,9;0
Narvik Sentrum;SN84701;02.06.2022;19,9;0
Narvik Sentrum;SN84701;03.06.2022;18,9;1,8
Narvik Sentrum;SN84701;04.06.2022;11,1;14,5
Narvik Sentrum;SN84701;05.06.2022;11,8;3,3
Narvik Sentrum;SN84701;06.06.2022;14,2;1
Narvik Sentrum;SN84701;07.06.2022;13,5;0,3
Narvik Sentrum;SN84701;08.06.2022;10,9;0,4
Narvik Sentrum;SN84701;09.06.2022;12,8;0
Narvik Sentrum;SN84701;10.06.2022;14,2;0
Narvik Sentrum;SN84701;11.06.2022;13,4;0
Narvik Sentrum;SN84701;12.06.2022;16,3;4,7
Narvik Sentrum;SN84701;13.06.2022;15,5;0,7
Narvik Sentrum;SN84701;14.06.2022;14,4;0,4
Narvik Sentrum;SN84701;15.06.2022;15;10,1
Narvik Sentrum;SN84701;16.06.2022;14,1;0
Narvik Sentrum;SN84701;17.06.2022;13,9;0
Narvik Sentrum;SN84701;18.06.2022;17,3;0
Narvik Sentrum;SN84701;19.06.2022;13,9;2,4
Narvik Sentrum;SN84701;20.06.2022;11,8;0,2
Narvik Sentrum;SN84701;21.06.2022;13,5;1,4
Narvik Sentrum;SN84701;22.06.2022;13,2;10,5
Narvik Sentrum;SN84701;23.06.2022;15,6;0
Narvik Sentrum;SN84701;24.06.2022;13,2;1,1
Narvik Sentrum;SN84701;25.06.2022;23,2;0,1
Narvik Sentrum;SN84701;26.06.2022;26,1;0
Narvik Sentrum;SN84701;27.06.2022;29,4;0
Narvik Sentrum;SN84701;28.06.2022;30,6;0
Narvik Sentrum;SN84701;29.06.2022;29;0
Narvik Sentrum;SN84701;30.06.2022;20,7;8,1
Narvik Sentrum;SN84701;01.07.2022;29;0
Narvik Sentrum;SN84701;02.07.2022;29,8;0
Narvik Sentrum;SN84701;03.07.2022;25;4,1
Narvik Sentrum;SN84701;04.07.2022;21,4;0,7
Narvik Sentrum;SN84701;05.07.2022;22,2;0,1
Narvik Sentrum;SN84701;06.07.2022;13,2;7,9
Narvik Sentrum;SN84701;07.07.2022;13,1;2,5
Narvik Sentrum;SN84701;08.07.2022;12,7;11,8
Narvik Sentrum;SN84701;09.07.2022;17,2;1,1
Narvik Sentrum;SN84701;10.07.2022;19;0
Narvik Sentrum;SN84701;11.07.2022;17,9;0
Narvik Sentrum;SN84701;12.07.2022;26,4;0
Narvik Sentrum;SN84701;13.07.2022;25,9;1,4
Narvik Sentrum;SN84701;14.07.2022;15,4;0,3
Narvik Sentrum;SN84701;15.07.2022;12,4;23
Narvik Sentrum;SN84701;16.07.2022;12,8;13,7
Narvik Sentrum;SN84701;17.07.2022;11,5;15,7
Narvik Sentrum;SN84701;18.07.2022;16;5,2
Narvik Sentrum;SN84701;19.07.2022;17;0
Narvik Sentrum;SN84701;20.07.2022;22,2;0
Narvik Sentrum;SN84701;21.07.2022;18,2;0
Narvik Sentrum;SN84701;22.07.2022;14,1;2,7
Narvik Sentrum;SN84701;23.07.2022;15;0,5
Narvik Sentrum;SN84701;24.07.2022;16;2,4
Narvik Sentrum;SN84701;25.07.2022;16,2;0
Narvik Sentrum;SN84701;26.07.2022;16;1,7
Narvik Sentrum;SN84701;27.07.2022;14,4;36,3
Narvik Sentrum;SN84701;28.07.2022;15,6;11,1
Narvik Sentrum;SN84701;29.07.2022;17,7;0
Narvik Sentrum;SN84701;30.07.2022;22,1;0
Narvik Sentrum;SN84701;31.07.2022;24,5;0
Narvik Sentrum;SN84701;01.08.2022;22,3;0
Narvik Sentrum;SN84701;02.08.2022;18,8;4,8
Narvik Sentrum;SN84701;03.08.2022;21;5,7
Narvik Sentrum;SN84701;04.08.2022;17,1;0,5
Narvik Sentrum;SN84701;05.08.2022;16,3;6,4
Narvik Sentrum;SN84701;06.08.2022;18,5;1,3
Narvik Sentrum;SN84701;07.08.2022;14,2;17,2
Narvik Sentrum;SN84701;08.08.2022;14,1;1,9
Narvik Sentrum;SN84701;09.08.2022;14,3;0
Narvik Sentrum;SN84701;10.08.2022;15,3;1,1
Narvik Sentrum;SN84701;11.08.2022;14,3;6,7
Narvik Sentrum;SN84701;12.08.2022;13,6;0,5
Narvik Sentrum;SN84701;13.08.2022;14,8;2,4
Narvik Sentrum;SN84701;14.08.2022;15,2;1,2
Narvik Sentrum;SN84701;15.08.2022;22;0,1
Narvik Sentrum;SN84701;16.08.2022;24,4;1
Narvik Sentrum;SN84701;17.08.2022;25,2;3,6
Narvik Sentrum;SN84701;18.08.2022;16,6;25,2
Narvik Sentrum;SN84701;19.08.2022;18,2;0
Narvik Sentrum;SN84701;20.08.2022;19;0,2
Narvik Sentrum;SN84701;21.08.2022;19,4;11
Narvik Sentrum;SN84701;22.08.2022;17,7;0
Narvik Sentrum;SN84701;23.08.2022;13,5;6,1
Narvik Sentrum;SN84701;24.08.2022;19,1;0,1
Narvik Sentrum;SN84701;25.08.2022;22,2;0
Narvik Sentrum;SN84701;26.08.2022;25,5;0
Narvik Sentrum;SN84701;27.08.2022;15,4;2,8
Narvik Sentrum;SN84701;28.08.2022;13,2;13,7
Narvik Sentrum;SN84701;29.08.2022;11,8;4,4
Narvik Sentrum;SN84701;30.08.2022;10,8;8,5
Narvik Sentrum;SN84701;31.08.2022;12,2;2,5
Narvik Sentrum;SN84701;01.09.2022;12,8;0
Narvik Sentrum;SN84701;02.09.2022;13,2;0
Narvik Sentrum;SN84701;03.09.2022;12,7;0
Narvik Sentrum;SN84701;04.09.2022;14,8;0
Narvik Sentrum;SN84701;05.09.2022;13;0
Narvik Sentrum;SN84701;06.09.2022;10,8;1,2
Narvik Sentrum;SN84701;07.09.2022;11,7;0,9
Narvik Sentrum;SN84701;08.09.2022;15,4;0
Narvik Sentrum;SN84701;09.09.2022;10,5;0
Narvik Sentrum;SN84701;10.09.2022;13,1;0,2
Narvik Sentrum;SN84701;11.09.2022;11,1;0
Narvik Sentrum;SN84701;12.09.2022;11,5;12,7
Narvik Sentrum;SN84701;13.09.2022;13,6;0
Narvik Sentrum;SN84701;14.09.2022;11,3;4,5
Narvik Sentrum;SN84701;15.09.2022;12,5;0,1
Narvik Sentrum;SN84701;16.09.2022;13,4;0
Narvik Sentrum;SN84701;17.09.2022;14,4;0
Narvik Sentrum;SN84701;18.09.2022;13,5;0,1
Narvik Sentrum;SN84701;19.09.2022;11,1;0,5
Narvik Sentrum;SN84701;20.09.2022;9,2;0
Narvik Sentrum;SN84701;21.09.2022;7,7;0,3
Narvik Sentrum;SN84701;22.09.2022;16,6;6,4
Narvik Sentrum;SN84701;23.09.2022;12,8;0,8
Narvik Sentrum;SN84701;24.09.2022;12;5,2
Narvik Sentrum;SN84701;25.09.2022;16,6;0
Narvik Sentrum;SN84701;26.09.2022;14,2;0
Narvik Sentrum;SN84701;27.09.2022;14,9;0
Narvik Sentrum;SN84701;28.09.2022;12,2;0
Narvik Sentrum;SN84701;29.09.2022;12,7;0
Narvik Sentrum;SN84701;30.09.2022;10,8;0
Narvik Sentrum;SN84701;01.10.2022;8,1;0
Narvik Sentrum;SN84701;02.10.2022;11,5;0
Narvik Sentrum;SN84701;03.10.2022;9,8;4,3
Narvik Sentrum;SN84701;04.10.2022;11,8;1,3
Narvik Sentrum;SN84701;05.10.2022;13,6;2,6
Narvik Sentrum;SN84701;06.10.2022;11;6,5
Narvik Sentrum;SN84701;07.10.2022;12;1,2
Narvik Sentrum;SN84701;08.10.2022;9,6;2,4
Narvik Sentrum;SN84701;09.10.2022;8,4;13,2
Narvik Sentrum;SN84701;10.10.2022;9,8;5,4
Narvik Sentrum;SN84701;11.10.2022;12,1;0,6
Narvik Sentrum;SN84701;12.10.2022;8;0,5
Narvik Sentrum;SN84701;13.10.2022;9,4;4,8
Narvik Sentrum;SN84701;14.10.2022;8,5;2,8
Narvik Sentrum;SN84701;15.10.2022;7,9;0
Narvik Sentrum;SN84701;16.10.2022;8,8;0,5
Narvik Sentrum;SN84701;17.10.2022;7,1;0,7
Narvik Sentrum;SN84701;18.10.2022;5,7;3,9
Narvik Sentrum;SN84701;19.10.2022;8,3;0,4
Narvik Sentrum;SN84701;20.10.2022;7;1,4
Narvik Sentrum;SN84701;21.10.2022;5,7;5,8
Narvik Sentrum;SN84701;22.10.2022;7,4;0,2
Narvik Sentrum;SN84701;23.10.2022;4,5;8,7
Narvik Sentrum;SN84701;24.10.2022;3,2;1,1
Narvik Sentrum;SN84701;25.10.2022;3,2;0
Narvik Sentrum;SN84701;26.10.2022;2,8;0
Narvik Sentrum;SN84701;27.10.2022;2,6;0,8
Narvik Sentrum;SN84701;28.10.2022;4,9;0,5
Narvik Sentrum;SN84701;29.10.2022;6,8;16
Narvik Sentrum;SN84701;30.10.2022;7,4;10,8
Narvik Sentrum;SN84701;31.10.2022;6,7;0,5
Narvik Sentrum;SN84701;01.11.2022;6,6;5,2
Narvik Sentrum;SN84701;02.11.2022;8,4;1,7
Narvik Sentrum;SN84701;03.11.2022;7,6;0
Narvik Sentrum;SN84701;04.11.2022;6;0
Narvik Sentrum;SN84701;05.11.2022;5,6;0
Narvik Sentrum;SN84701;06.11.2022;5,7;0,8
Narvik Sentrum;SN84701;07.11.2022;5;5,6
Narvik Sentrum;SN84701;08.11.2022;3,5;2,5
Narvik Sentrum;SN84701;09.11.2022;0,4;0
Narvik Sentrum;SN84701;10.11.2022;1,2;0
Narvik Sentrum;SN84701;11.11.2022;3,1;0,9
Narvik Sentrum;SN84701;12.11.2022;8,8;39
Narvik Sentrum;SN84701;13.11.2022;5,6;3,2
Narvik Sentrum;SN84701;14.11.2022;6,4;8,5
Narvik Sentrum;SN84701;15.11.2022;4,7;2,2
Narvik Sentrum;SN84701;16.11.2022;-1;0
Narvik Sentrum;SN84701;17.11.2022;0,2;0
Narvik Sentrum;SN84701;18.11.2022;0,3;0
Narvik Sentrum;SN84701;19.11.2022;-1,8;0
Narvik Sentrum;SN84701;20.11.2022;-2,2;0
Narvik Sentrum;SN84701;21.11.2022;-1,9;0
Narvik Sentrum;SN84701;22.11.2022;-3,2;0
Narvik Sentrum;SN84701;23.11.2022;-3,4;0
Narvik Sentrum;SN84701;24.11.2022;-2;0
Narvik Sentrum;SN84701;25.11.2022;-2,7;0
Narvik Sentrum;SN84701;26.11.2022;-1,8;0
Narvik Sentrum;SN84701;27.11.2022;1,2;0
Narvik Sentrum;SN84701;28.11.2022;2,8;0
Narvik Sentrum;SN84701;29.11.2022;0,2;0
Narvik Sentrum;SN84701;30.11.2022;0,6;0
Narvik Sentrum;SN84701;01.12.2022;0,9;2,1
Narvik Sentrum;SN84701;02.12.2022;0,9;0,4
Narvik Sentrum;SN84701;03.12.2022;-3;0
Narvik Sentrum;SN84701;04.12.2022;-3,1;0
Narvik Sentrum;SN84701;05.12.2022;2,6;5,6
Narvik Sentrum;SN84701;06.12.2022;2,4;9,2
Narvik Sentrum;SN84701;07.12.2022;-0,4;3,1
Narvik Sentrum;SN84701;08.12.2022;-0,3;0
Narvik Sentrum;SN84701;09.12.2022;0,8;0
Narvik Sentrum;SN84701;10.12.2022;-2,8;0
Narvik Sentrum;SN84701;11.12.2022;-6,8;0
Narvik Sentrum;SN84701;12.12.2022;-7,9;0
Narvik Sentrum;SN84701;13.12.2022;-7,8;0
Narvik Sentrum;SN84701;14.12.2022;-4,6;0
Narvik Sentrum;SN84701;15.12.2022;0,5;2,6
Narvik Sentrum;SN84701;16.12.2022;0,2;4,6
Narvik Sentrum;SN84701;17.12.2022;0;0
Narvik Sentrum;SN84701;18.12.2022;-2,5;1,4
Narvik Sentrum;SN84701;19.12.2022;-1,8;0,8
Narvik Sentrum;SN84701;20.12.2022;-1,8;2,5
Narvik Sentrum;SN84701;21.12.2022;-2,9;0,6
Narvik Sentrum;SN84701;22.12.2022;-1,6;0
Narvik Sentrum;SN84701;23.12.2022;0,4;5,6
Narvik Sentrum;SN84701;24.12.2022;0,9;8,1
Narvik Sentrum;SN84701;25.12.2022;1,4;3
Narvik Sentrum;SN84701;26.12.2022;-1;0
Narvik Sentrum;SN84701;27.12.2022;8,6;0
Narvik Sentrum;SN84701;28.12.2022;0,9;0
Narvik Sentrum;SN84701;29.12.2022;4;0,8
Narvik Sentrum;SN84701;30.12.2022;6,5;0
Narvik Sentrum;SN84701;31.12.2022;7,4;0
Narvik Sentrum;SN84701;01.01.2023;3,3;5,2
Narvik Sentrum;SN84701;02.01.2023;4,9;9,5
Narvik Sentrum;SN84701;03.01.2023;1,8;3,6
Narvik Sentrum;SN84701;04.01.2023;-2,8;0,1
Narvik Sentrum;SN84701;05.01.2023;-2,6;0
Narvik Sentrum;SN84701;06.01.2023;-8,2;0
Narvik Sentrum;SN84701;07.01.2023;-5,5;0
Narvik Sentrum;SN84701;08.01.2023;-0,9;0
Narvik Sentrum;SN84701;09.01.2023;0,4;0
Narvik Sentrum;SN84701;10.01.2023;-0,3;0
Narvik Sentrum;SN84701;11.01.2023;0,4;0
Narvik Sentrum;SN84701;12.01.2023;1;0,1
Narvik Sentrum;SN84701;13.01.2023;0,8;0,1
Narvik Sentrum;SN84701;14.01.2023;1,6;0,5
Narvik Sentrum;SN84701;15.01.2023;0,3;0,2
Narvik Sentrum;SN84701;16.01.2023;-1,9;0
Narvik Sentrum;SN84701;17.01.2023;1;2
Narvik Sentrum;SN84701;18.01.2023;0,4;0,6
Narvik Sentrum;SN84701;19.01.2023;-0,9;0
Narvik Sentrum;SN84701;20.01.2023;2,9;0
Narvik Sentrum;SN84701;21.01.2023;3;1
Narvik Sentrum;SN84701;22.01.2023;9;0
Narvik Sentrum;SN84701;23.01.2023;8,7;0,4
Narvik Sentrum;SN84701;24.01.2023;4;2,7
Narvik Sentrum;SN84701;25.01.2023;3,7;15,1
Narvik Sentrum;SN84701;26.01.2023;1,4;3,3
Narvik Sentrum;SN84701;27.01.2023;6,6;0,1
Narvik Sentrum;SN84701;28.01.2023;6,5;6,5
Narvik Sentrum;SN84701;29.01.2023;2,8;1,7
Narvik Sentrum;SN84701;30.01.2023;-2,7;0
Narvik Sentrum;SN84701;31.01.2023;-0,4;0,1
Narvik Sentrum;SN84701;01.02.2023;0;4,9
Narvik Sentrum;SN84701;02.02.2023;-0,7;0,5
Narvik Sentrum;SN84701;03.02.2023;-8,7;0
Narvik Sentrum;SN84701;04.02.2023;-1,5;0
Narvik Sentrum;SN84701;05.02.2023;3,2;0
Narvik Sentrum;SN84701;06.02.2023;9,3;0,8
Narvik Sentrum;SN84701;07.02.2023;10,1;2,7
Narvik Sentrum;SN84701;08.02.2023;8;9,3
Narvik Sentrum;SN84701;09.02.2023;9,2;6
Narvik Sentrum;SN84701;10.02.2023;0,5;7,3
Narvik Sentrum;SN84701;11.02.2023;0,5;1,8
Narvik Sentrum;SN84701;12.02.2023;6,9;3,8
Narvik Sentrum;SN84701;13.02.2023;3,9;9,7
Narvik Sentrum;SN84701;14.02.2023;7,2;8
Narvik Sentrum;SN84701;15.02.2023;6,5;0,3
Narvik Sentrum;SN84701;16.02.2023;5,5;0,3
Narvik Sentrum;SN84701;17.02.2023;4,5;2,1
Narvik Sentrum;SN84701;18.02.2023;0;0
Narvik Sentrum;SN84701;19.02.2023;-0,2;0
Narvik Sentrum;SN84701;20.02.2023;-1,7;0,4
Narvik Sentrum;SN84701;21.02.2023;-3,2;0
Narvik Sentrum;SN84701;22.02.2023;-5,9;0
Narvik Sentrum;SN84701;23.02.2023;3,1;0,2
Narvik Sentrum;SN84701;24.02.2023;1,4;1,8
Narvik Sentrum;SN84701;25.02.2023;2;1,7
Narvik Sentrum;SN84701;26.02.2023;4,3;2,7
Narvik Sentrum;SN84701;27.02.2023;6,6;4,1
Narvik Sentrum;SN84701;28.02.2023;1,5;2,1
Narvik Sentrum;SN84701;01.03.2023;5,5;6,1
Narvik Sentrum;SN84701;02.03.2023;3,3;4,3
Narvik Sentrum;SN84701;03.03.2023;2;4,5
Narvik Sentrum;SN84701;04.03.2023;-1,4;2,2
Narvik Sentrum;SN84701;05.03.2023;-2,7;0,2
Narvik Sentrum;SN84701;06.03.2023;-1,9;3,2
Narvik Sentrum;SN84701;07.03.2023;-5,2;0,4
Narvik Sentrum;SN84701;08.03.2023;-5,9;0
Narvik Sentrum;SN84701;09.03.2023;-0,8;0
Narvik Sentrum;SN84701;10.03.2023;-2;0,9
Narvik Sentrum;SN84701;11.03.2023;-1,2;0,5
Narvik Sentrum;SN84701;12.03.2023;0,5;2,7
Narvik Sentrum;SN84701;13.03.2023;0,1;0,3
Narvik Sentrum;SN84701;14.03.2023;-3,4;0,1
Narvik Sentrum;SN84701;15.03.2023;0,7;0
Narvik Sentrum;SN84701;16.03.2023;-1,3;0,3
Narvik Sentrum;SN84701;17.03.2023;-0,1;1
Narvik Sentrum;SN84701;18.03.2023;-1;0
Narvik Sentrum;SN84701;19.03.2023;2;0
Narvik Sentrum;SN84701;20.03.2023;4,1;1,8
Narvik Sentrum;SN84701;21.03.2023;1,5;0,5
Narvik Sentrum;SN84701;22.03.2023;-0,3;1,4
Narvik Sentrum;SN84701;23.03.2023;-4,7;0
Narvik Sentrum;SN84701;24.03.2023;-1,8;0
Narvik Sentrum;SN84701;25.03.2023;-1;0
Narvik Sentrum;SN84701;26.03.2023;-2,8;0
Narvik Sentrum;SN84701;27.03.2023;-0,1;0
Narvik Sentrum;SN84701;28.03.2023;-0,6;0
Narvik Sentrum;SN84701;29.03.2023;-1,1;0
Narvik Sentrum;SN84701;30.03.2023;1,6;0
Narvik Sentrum;SN84701;31.03.2023;2;2,7
Narvik Sentrum;SN84701;01.04.2023;3;2,5
Narvik Sentrum;SN84701;02.04.2023;1,5;0,2
Narvik Sentrum;SN84701;03.04.2023;1,5;0
Narvik Sentrum;SN84701;04.04.2023;5,1;0
Narvik Sentrum;SN84701;05.04.2023;9,3;0
Narvik Sentrum;SN84701;06.04.2023;9,5;0
Narvik Sentrum;SN84701;07.04.2023;5,3;0
Narvik Sentrum;SN84701;08.04.2023;5,4;12,4
Narvik Sentrum;SN84701;09.04.2023;6,6;1,2
Narvik Sentrum;SN84701;10.04.2023;9,3;0
Narvik Sentrum;SN84701;11.04.2023;10,6;0
Narvik Sentrum;SN84701;12.04.2023;9,8;0
Narvik Sentrum;SN84701;13.04.2023;11,5;0
Narvik Sentrum;SN84701;14.04.2023;10,2;0
Narvik Sentrum;SN84701;15.04.2023;8,6;0
Narvik Sentrum;SN84701;16.04.2023;6,9;0
Narvik Sentrum;SN84701;17.04.2023;6,3;1,1
Narvik Sentrum;SN84701;18.04.2023;9,3;0,5
Narvik Sentrum;SN84701;19.04.2023;6,7;3,8
Narvik Sentrum;SN84701;20.04.2023;6,6;8,8
Narvik Sentrum;SN84701;21.04.2023;6,2;0,1
Narvik Sentrum;SN84701;22.04.2023;5,5;11,7
Narvik Sentrum;SN84701;23.04.2023;2,4;0,8
Narvik Sentrum;SN84701;24.04.2023;2,9;0
Narvik Sentrum;SN84701;25.04.2023;5,2;0
Narvik Sentrum;SN84701;26.04.2023;5,6;0
Narvik Sentrum;SN84701;27.04.2023;6,4;0
Narvik Sentrum;SN84701;28.04.2023;5,2;2,1
Narvik Sentrum;SN84701;29.04.2023;3,3;18,3
Narvik Sentrum;SN84701;30.04.2023;7,1;18,9
Narvik Sentrum;SN84701;01.05.2023;6,7;0
Narvik Sentrum;SN84701;02.05.2023;4,7;6,4
Narvik Sentrum;SN84701;03.05.2023;3;0,4
Narvik Sentrum;SN84701;04.05.2023;4,7;0,1
Narvik Sentrum;SN84701;05.05.2023;6,6;0
Narvik Sentrum;SN84701;06.05.2023;8,4;0,2
Narvik Sentrum;SN84701;07.05.2023;9,8;0
Narvik Sentrum;SN84701;08.05.2023;9,4;15
Narvik Sentrum;SN84701;09.05.2023;13,2;0,7
Narvik Sentrum;SN84701;10.05.2023;11;0,1
Narvik Sentrum;SN84701;11.05.2023;9,9;0,9
Narvik Sentrum;SN84701;12.05.2023;9,6;4,7
Narvik Sentrum;SN84701;13.05.2023;10,6;0,4
Narvik Sentrum;SN84701;14.05.2023;13,8;0
Narvik Sentrum;SN84701;15.05.2023;19,8;0,2
Narvik Sentrum;SN84701;16.05.2023;11;1
Narvik Sentrum;SN84701;17.05.2023;8,6;11,1
Narvik Sentrum;SN84701;18.05.2023;6,8;3,3
Narvik Sentrum;SN84701;19.05.2023;10,8;0
Narvik Sentrum;SN84701;20.05.2023;12,5;1,4
Narvik Sentrum;SN84701;21.05.2023;14,1;0
Narvik Sentrum;SN84701;22.05.2023;17,1;2,3
Narvik Sentrum;SN84701;23.05.2023;16,7;0,1
Narvik Sentrum;SN84701;24.05.2023;12,7;6,1
Narvik Sentrum;SN84701;25.05.2023;8,3;3,1
Narvik Sentrum;SN84701;26.05.2023;5,8;3,4
Narvik Sentrum;SN84701;27.05.2023;9,1;0,7
Narvik Sentrum;SN84701;28.05.2023;12,4;6,1
Narvik Sentrum;SN84701;29.05.2023;10;3,3
Narvik Sentrum;SN84701;30.05.2023;7,5;0,1
Narvik Sentrum;SN84701;31.05.2023;7;13,2
Narvik Sentrum;SN84701;01.06.2023;7,3;8,8
Narvik Sentrum;SN84701;02.06.2023;9,2;1,2
Narvik Sentrum;SN84701;03.06.2023;7,4;1,7
Narvik Sentrum;SN84701;04.06.2023;8,1;1,3
Narvik Sentrum;SN84701;05.06.2023;8,2;4,4
Narvik Sentrum;SN84701;06.06.2023;8,9;2,4
Narvik Sentrum;SN84701;07.06.2023;7,2;1,1
Narvik Sentrum;SN84701;08.06.2023;8,5;8,2
Narvik Sentrum;SN84701;09.06.2023;12,7;0
Narvik Sentrum;SN84701;10.06.2023;18,7;0
Narvik Sentrum;SN84701;11.06.2023;20,7;0
Narvik Sentrum;SN84701;12.06.2023;12,3;1
Narvik Sentrum;SN84701;13.06.2023;11,5;0,2
Narvik Sentrum;SN84701;14.06.2023;10,8;0
Narvik Sentrum;SN84701;15.06.2023;9,7;0
Narvik Sentrum;SN84701;16.06.2023;18,4;0
Narvik Sentrum;SN84701;17.06.2023;19,8;0
Narvik Sentrum;SN84701;18.06.2023;26,5;0
Narvik Sentrum;SN84701;19.06.2023;28,7;0
Narvik Sentrum;SN84701;20.06.2023;28,2;0,4
Narvik Sentrum;SN84701;21.06.2023;23,4;1
Narvik Sentrum;SN84701;22.06.2023;27,3;0
Narvik Sentrum;SN84701;23.06.2023;17,2;3
Narvik Sentrum;SN84701;24.06.2023;12,8;1,1
Narvik Sentrum;SN84701;25.06.2023;13,8;11,8
Narvik Sentrum;SN84701;26.06.2023;23,4;0
Narvik Sentrum;SN84701;27.06.2023;26;0
Narvik Sentrum;SN84701;28.06.2023;24,7;0
Narvik Sentrum;SN84701;29.06.2023;24,6;0
Narvik Sentrum;SN84701;30.06.2023;26,1;0
Narvik Sentrum;SN84701;01.07.2023;25;0
Narvik Sentrum;SN84701;02.07.2023;21,1;0
Narvik Sentrum;SN84701;03.07.2023;19,8;0,8
Narvik Sentrum;SN84701;04.07.2023;21,3;0
Narvik Sentrum;SN84701;05.07.2023;19,2;0
Narvik Sentrum;SN84701;06.07.2023;18,4;0
Narvik Sentrum;SN84701;07.07.2023;23,6;0
Narvik Sentrum;SN84701;08.07.2023;19,6;1,1
Narvik Sentrum;SN84701;09.07.2023;17,4;0
Narvik Sentrum;SN84701;10.07.2023;24,4;0
Narvik Sentrum;SN84701;11.07.2023;28,6;0
Narvik Sentrum;SN84701;12.07.2023;26,7;2,9
Narvik Sentrum;SN84701;13.07.2023;26,2;0
Narvik Sentrum;SN84701;14.07.2023;24,2;0
Narvik Sentrum;SN84701;15.07.2023;22,3;1,3
Narvik Sentrum;SN84701;16.07.2023;21,9;0
Narvik Sentrum;SN84701;17.07.2023;21,8;9,3
Narvik Sentrum;SN84701;18.07.2023;17,3;7,1
Narvik Sentrum;SN84701;19.07.2023;14,2;1,1
Narvik Sentrum;SN84701;20.07.2023;19,4;0,3
Narvik Sentrum;SN84701;21.07.2023;17,8;0
Narvik Sentrum;SN84701;22.07.2023;20,4;0,5
Narvik Sentrum;SN84701;23.07.2023;19,5;0,7
Narvik Sentrum;SN84701;24.07.2023;19,3;1,9
Narvik Sentrum;SN84701;25.07.2023;21,9;0
Narvik Sentrum;SN84701;26.07.2023;23,4;0
Narvik Sentrum;SN84701;27.07.2023;20,7;0
Narvik Sentrum;SN84701;28.07.2023;19,1;0
Narvik Sentrum;SN84701;29.07.2023;18;0
Narvik Sentrum;SN84701;30.07.2023;20,5;0
Narvik Sentrum;SN84701;31.07.2023;25,2;0
Narvik Sentrum;SN84701;01.08.2023;22,6;0
Narvik Sentrum;SN84701;02.08.2023;21,8;5,8
Narvik Sentrum;SN84701;03.08.2023;25,5;0,5
Narvik Sentrum;SN84701;04.08.2023;16,3;0,1
Narvik Sentrum;SN84701;05.08.2023;16,3;0
Narvik Sentrum;SN84701;06.08.2023;18,9;0
Narvik Sentrum;SN84701;07.08.2023;14,9;0,1
Narvik Sentrum;SN84701;08.08.2023;30;7,9
Narvik Sentrum;SN84701;09.08.2023;28,3;0,7
Narvik Sentrum;SN84701;10.08.2023;23,7;0
Narvik Sentrum;SN84701;11.08.2023;20,8;0,2
Narvik Sentrum;SN84701;12.08.2023;20,5;0,7
Narvik Sentrum;SN84701;13.08.2023;21;1,1
Narvik Sentrum;SN84701;14.08.2023;20,1;4,3
Narvik Sentrum;SN84701;15.08.2023;17,8;10,1
Narvik Sentrum;SN84701;16.08.2023;16,4;5,6
Narvik Sentrum;SN84701;17.08.2023;15,6;2,8
Narvik Sentrum;SN84701;18.08.2023;17,3;0
Narvik Sentrum;SN84701;19.08.2023;17,9;0
Narvik Sentrum;SN84701;20.08.2023;22,3;0
Narvik Sentrum;SN84701;21.08.2023;17;0
Narvik Sentrum;SN84701;22.08.2023;14,5;3,4
Narvik Sentrum;SN84701;23.08.2023;15,6;2,7
Narvik Sentrum;SN84701;24.08.2023;17,4;0,3
Narvik Sentrum;SN84701;25.08.2023;19;0
Narvik Sentrum;SN84701;26.08.2023;22,3;0
Narvik Sentrum;SN84701;27.08.2023;22;0
Narvik Sentrum;SN84701;28.08.2023;21,1;0
Narvik Sentrum;SN84701;29.08.2023;17,5;0,8
Narvik Sentrum;SN84701;30.08.2023;14,8;11,5
Narvik Sentrum;SN84701;31.08.2023;17,4;0,5
Narvik Sentrum;SN84701;01.09.2023;14,5;0
Narvik Sentrum;SN84701;02.09.2023;17,3;0,1
Narvik Sentrum;SN84701;03.09.2023;14,7;0
Narvik Sentrum;SN84701;04.09.2023;12,5;9
Narvik Sentrum;SN84701;05.09.2023;11,9;9,9
Narvik Sentrum;SN84701;06.09.2023;12,3;8,2
Narvik Sentrum;SN84701;07.09.2023;14,4;0,5
Narvik Sentrum;SN84701;08.09.2023;15,2;3
Narvik Sentrum;SN84701;09.09.2023;17,2;4,8
Narvik Sentrum;SN84701;10.09.2023;16,4;11,3
Narvik Sentrum;SN84701;11.09.2023;12,7;4,9
Narvik Sentrum;SN84701;12.09.2023;10,6;8
Narvik Sentrum;SN84701;13.09.2023;11,3;11,1
Narvik Sentrum;SN84701;14.09.2023;11,2;1,3
Narvik Sentrum;SN84701;15.09.2023;11,9;0,2
Narvik Sentrum;SN84701;16.09.2023;13,5;0,4
Narvik Sentrum;SN84701;17.09.2023;10,6;5,3
Narvik Sentrum;SN84701;18.09.2023;14,7;0,3
Narvik Sentrum;SN84701;19.09.2023;9,3;0
Narvik Sentrum;SN84701;20.09.2023;8,4;0
Narvik Sentrum;SN84701;21.09.2023;9,4;0
Narvik Sentrum;SN84701;22.09.2023;10,7;2,9
Narvik Sentrum;SN84701;23.09.2023;11,2;18,9
Narvik Sentrum;SN84701;24.09.2023;12,9;3,5
Narvik Sentrum;SN84701;25.09.2023;11,3;13,2
Narvik Sentrum;SN84701;26.09.2023;14;13,1
Narvik Sentrum;SN84701;27.09.2023;14,4;11,9
Narvik Sentrum;SN84701;28.09.2023;12,7;2,3
Narvik Sentrum;SN84701;29.09.2023;11,4;2,3
Narvik Sentrum;SN84701;30.09.2023;12,2;4,6
Narvik Sentrum;SN84701;01.10.2023;9,1;2,8
Narvik Sentrum;SN84701;02.10.2023;8,9;8
Narvik Sentrum;SN84701;03.10.2023;9,1;0
Narvik Sentrum;SN84701;04.10.2023;6,9;6,9
Narvik Sentrum;SN84701;05.10.2023;4,7;0,8
Narvik Sentrum;SN84701;06.10.2023;4,8;4,6
Narvik Sentrum;SN84701;07.10.2023;2,6;6,1
Narvik Sentrum;SN84701;08.10.2023;6;3,1
Narvik Sentrum;SN84701;09.10.2023;5;7,5
Narvik Sentrum;SN84701;10.10.2023;4,6;0
Narvik Sentrum;SN84701;11.10.2023;5,5;0,2
Narvik Sentrum;SN84701;12.10.2023;4,6;2,4
Narvik Sentrum;SN84701;13.10.2023;5,2;0
Narvik Sentrum;SN84701;14.10.2023;3,9;0
Narvik Sentrum;SN84701;15.10.2023;4,4;0
Narvik Sentrum;SN84701;16.10.2023;5,9;10,9
Narvik Sentrum;SN84701;17.10.2023;5,2;7,4
Narvik Sentrum;SN84701;18.10.2023;3,2;0
Narvik Sentrum;SN84701;19.10.2023;2,3;0
Narvik Sentrum;SN84701;20.10.2023;1,6;0
Narvik Sentrum;SN84701;21.10.2023;4,3;0
Narvik Sentrum;SN84701;22.10.2023;2,3;0
Narvik Sentrum;SN84701;23.10.2023;3,4;0
Narvik Sentrum;SN84701;24.10.2023;1,3;0
Narvik Sentrum;SN84701;25.10.2023;2,4;0
Narvik Sentrum;SN84701;26.10.2023;2,9;0,2
Narvik Sentrum;SN84701;27.10.2023;3,6;0,6
Narvik Sentrum;SN84701;28.10.2023;2,5;0,1
Narvik Sentrum;SN84701;29.10.2023;0,7;0
Narvik Sentrum;SN84701;30.10.2023;-1,4;0
Narvik Sentrum;SN84701;31.10.2023;0,6;0
Narvik Sentrum;SN84701;01.11.2023;-1,1;0
Narvik Sentrum;SN84701;02.11.2023;-1,1;0
Narvik Sentrum;SN84701;03.11.2023;-2,6;0
Narvik Sentrum;SN84701;04.11.2023;-0,4;0
Narvik Sentrum;SN84701;05.11.2023;2,8;0
Narvik Sentrum;SN84701;06.11.2023;3,3;0
Narvik Sentrum;SN84701;07.11.2023;2,7;0
Narvik Sentrum;SN84701;08.11.2023;2,6;0
Narvik Sentrum;SN84701;09.11.2023;2,3;0
Narvik Sentrum;SN84701;10.11.2023;1,7;0
Narvik Sentrum;SN84701;11.11.2023;0,2;0,5
Narvik Sentrum;SN84701;12.11.2023;-2,3;0
Narvik Sentrum;SN84701;13.11.2023;-4,8;0
Narvik Sentrum;SN84701;14.11.2023;-4,8;0
Narvik Sentrum;SN84701;15.11.2023;-1,7;0
Narvik Sentrum;SN84701;16.11.2023;0,1;0,2
Narvik Sentrum;SN84701;17.11.2023;2,7;1,9
Narvik Sentrum;SN84701;18.11.2023;1,9;0,1
Narvik Sentrum;SN84701;19.11.2023;0,7;5,7
Narvik Sentrum;SN84701;20.11.2023;-6;0
Narvik Sentrum;SN84701;21.11.2023;-6,9;0
Narvik Sentrum;SN84701;22.11.2023;3,6;0
Narvik Sentrum;SN84701;23.11.2023;0,8;0,2
Narvik Sentrum;SN84701;24.11.2023;-0,6;10,5
Narvik Sentrum;SN84701;25.11.2023;-2,8;0
Narvik Sentrum;SN84701;26.11.2023;-1,2;0
Narvik Sentrum;SN84701;27.11.2023;-2;0
Narvik Sentrum;SN84701;28.11.2023;0,3;0
Narvik Sentrum;SN84701;29.11.2023;0,2;0
Narvik Sentrum;SN84701;30.11.2023;-0,7;0
Narvik Sentrum;SN84701;01.12.2023;-0,6;0
Narvik Sentrum;SN84701;02.12.2023;-5,7;0
Narvik Sentrum;SN84701;03.12.2023;-7,1;0
Narvik Sentrum;SN84701;04.12.2023;-3,9;0
Narvik Sentrum;SN84701;05.12.2023;-3;1,9
Narvik Sentrum;SN84701;06.12.2023;-4,1;0
Narvik Sentrum;SN84701;07.12.2023;-4,7;0
Narvik Sentrum;SN84701;08.12.2023;0,4;0
Narvik Sentrum;SN84701;09.12.2023;0;0
Narvik Sentrum;SN84701;10.12.2023;-3,6;0
Narvik Sentrum;SN84701;11.12.2023;-3,7;0
Narvik Sentrum;SN84701;12.12.2023;-4,3;0
Narvik Sentrum;SN84701;13.12.2023;-9,1;0
Narvik Sentrum;SN84701;14.12.2023;-7,3;0
Narvik Sentrum;SN84701;15.12.2023;-5,8;0
Narvik Sentrum;SN84701;16.12.2023;4,4;0
Narvik Sentrum;SN84701;17.12.2023;4,5;16,8
Narvik Sentrum;SN84701;18.12.2023;3,4;3
Narvik Sentrum;SN84701;19.12.2023;0,9;4,7
Narvik Sentrum;SN84701;20.12.2023;2,6;6,8
Narvik Sentrum;SN84701;21.12.2023;-0,9;0
Narvik Sentrum;SN84701;22.12.2023;-0,9;0
Narvik Sentrum;SN84701;23.12.2023;-6,5;0
Narvik Sentrum;SN84701;24.12.2023;-2,2;0
Narvik Sentrum;SN84701;25.12.2023;-2,4;0
Narvik Sentrum;SN84701;26.12.2023;-3,8;0
Narvik Sentrum;SN84701;27.12.2023;2,9;1,4
Narvik Sentrum;SN84701;28.12.2023;2,3;0
Narvik Sentrum;SN84701;29.12.2023;-4,9;0
Narvik Sentrum;SN84701;30.12.2023;-7,5;0
Narvik Sentrum;SN84701;31.12.2023;-9;0
Narvik Sentrum;SN84701;01.01.2024;-10,2;0
Narvik Sentrum;SN84701;02.01.2024;-10,6;0
Narvik Sentrum;SN84701;03.01.2024;-13;0
Narvik Sentrum;SN84701;04.01.2024;-12,2;0
Narvik Sentrum;SN84701;05.01.2024;-4,8;0
Narvik Sentrum;SN84701;06.01.2024;-3,4;0,2
Narvik Sentrum;SN84701;07.01.2024;3,7;0
Narvik Sentrum;SN84701;08.01.2024;5,1;5,3
Narvik Sentrum;SN84701;09.01.2024;6,4;15,7
Narvik Sentrum;SN84701;10.01.2024;5,5;9,7
Narvik Sentrum;SN84701;11.01.2024;1,3;3,8
Narvik Sentrum;SN84701;12.01.2024;1,7;9
Narvik Sentrum;SN84701;13.01.2024;-1,6;2,1
Narvik Sentrum;SN84701;14.01.2024;-6,1;0
Narvik Sentrum;SN84701;15.01.2024;-6,7;0
Narvik Sentrum;SN84701;16.01.2024;-9;3,4
Narvik Sentrum;SN84701;17.01.2024;-11,2;0
Narvik Sentrum;SN84701;18.01.2024;-8,8;0
Narvik Sentrum;SN84701;19.01.2024;-11,1;0
Narvik Sentrum;SN84701;20.01.2024;-8;0
Narvik Sentrum;SN84701;21.01.2024;-7;0
Narvik Sentrum;SN84701;22.01.2024;-0,6;0,6
Narvik Sentrum;SN84701;23.01.2024;-;0,8
Narvik Sentrum;SN84701;24.01.2024;2,6;3
Narvik Sentrum;SN84701;25.01.2024;-3,3;0
Narvik Sentrum;SN84701;26.01.2024;-3,1;0
Narvik Sentrum;SN84701;27.01.2024;8,6;0,3
Narvik Sentrum;SN84701;28.01.2024;6,2;5
Narvik Sentrum;SN84701;29.01.2024;11,5;5,9
Narvik Sentrum;SN84701;30.01.2024;8,1;2,7
Narvik Sentrum;SN84701;31.01.2024;8;8,4
Narvik Sentrum;SN84701;01.02.2024;6,9;3,2
Narvik Sentrum;SN84701;02.02.2024;-0,9;16,9
Narvik Sentrum;SN84701;03.02.2024;1,1;7,3
Narvik Sentrum;SN84701;04.02.2024;-0,1;19,2
Narvik Sentrum;SN84701;05.02.2024;-2;28,2
Narvik Sentrum;SN84701;06.02.2024;-6,1;0
Narvik Sentrum;SN84701;07.02.2024;-6,1;0
Narvik Sentrum;SN84701;08.02.2024;-10,7;0
Narvik Sentrum;SN84701;09.02.2024;-5,3;0
Narvik Sentrum;SN84701;10.02.2024;-6,8;0
Narvik Sentrum;SN84701;11.02.2024;-1,1;0,2
Narvik Sentrum;SN84701;12.02.2024;-2,4;0,5
Narvik Sentrum;SN84701;13.02.2024;-2;0
Narvik Sentrum;SN84701;14.02.2024;-0,4;0
Narvik Sentrum;SN84701;15.02.2024;-4,7;0
Narvik Sentrum;SN84701;16.02.2024;-4,4;0
Narvik Sentrum;SN84701;17.02.2024;-1,5;0,1
Narvik Sentrum;SN84701;18.02.2024;-0,1;0
Narvik Sentrum;SN84701;19.02.2024;1,2;0,1
Narvik Sentrum;SN84701;20.02.2024;0,2;1
Narvik Sentrum;SN84701;21.02.2024;1,3;2,6
Narvik Sentrum;SN84701;22.02.2024;2,3;0,1
Narvik Sentrum;SN84701;23.02.2024;8,6;0
Narvik Sentrum;SN84701;24.02.2024;7,6;0
Narvik Sentrum;SN84701;25.02.2024;7;0
Narvik Sentrum;SN84701;26.02.2024;6,6;0
Narvik Sentrum;SN84701;27.02.2024;4,4;0,4
Narvik Sentrum;SN84701;28.02.2024;7,3;0
Narvik Sentrum;SN84701;29.02.2024;8,3;0,6
Narvik Sentrum;SN84701;01.03.2024;10,3;0
Narvik Sentrum;SN84701;02.03.2024;6,2;0
Narvik Sentrum;SN84701;03.03.2024;5,3;0
Narvik Sentrum;SN84701;04.03.2024;5,4;0
Narvik Sentrum;SN84701;05.03.2024;5,2;0
Narvik Sentrum;SN84701;06.03.2024;4,3;0
Narvik Sentrum;SN84701;07.03.2024;3,1;0
Narvik Sentrum;SN84701;08.03.2024;2,3;0
Narvik Sentrum;SN84701;09.03.2024;1,3;0
Narvik Sentrum;SN84701;10.03.2024;2,2;0
Narvik Sentrum;SN84701;11.03.2024;4,6;0
Narvik Sentrum;SN84701;12.03.2024;3,2;0
Narvik Sentrum;SN84701;13.03.2024;1,2;0
Narvik Sentrum;SN84701;14.03.2024;-0,3;0,2
Narvik Sentrum;SN84701;15.03.2024;2,6;1,3
Narvik Sentrum;SN84701;16.03.2024;1,7;3,3
Narvik Sentrum;SN84701;17.03.2024;1,3;0,3
Narvik Sentrum;SN84701;18.03.2024;3,4;0
Narvik Sentrum;SN84701;19.03.2024;5,4;0,5
Narvik Sentrum;SN84701;20.03.2024;4,1;0,2
Narvik Sentrum;SN84701;21.03.2024;4,7;0
Narvik Sentrum;SN84701;22.03.2024;6,8;0
Narvik Sentrum;SN84701;23.03.2024;3;0
Narvik Sentrum;SN84701;24.03.2024;1,3;0
Narvik Sentrum;SN84701;25.03.2024;-0,3;0,4
Narvik Sentrum;SN84701;26.03.2024;-0,8;2,6
Narvik Sentrum;SN84701;27.03.2024;-0,5;0
Narvik Sentrum;SN84701;28.03.2024;1,3;0,5
Narvik Sentrum;SN84701;29.03.2024;2;0
Narvik Sentrum;SN84701;30.03.2024;0,3;0
Narvik Sentrum;SN84701;31.03.2024;-0,7;1,1
Narvik Sentrum;SN84701;18.04.2024;2,3;0
Narvik Sentrum;SN84701;19.04.2024;4,4;0
Narvik Sentrum;SN84701;20.04.2024;2,9;0
Narvik Sentrum;SN84701;21.04.2024;2,6;0
Narvik Sentrum;SN84701;22.04.2024;3,5;0
Narvik Sentrum;SN84701;23.04.2024;3,6;0
Narvik Sentrum;SN84701;24.04.2024;5,6;1,7
Narvik Sentrum;SN84701;25.04.2024;5,9;0
Narvik Sentrum;SN84701;26.04.2024;7,1;0
Narvik Sentrum;SN84701;27.04.2024;8,9;0
Narvik Sentrum;SN84701;28.04.2024;9,2;0
Narvik Sentrum;SN84701;29.04.2024;11,5;0
Narvik Sentrum;SN84701;30.04.2024;8,6;0
Narvik Sentrum;SN84701;01.05.2024;12,3;0,3
Narvik Sentrum;SN84701;02.05.2024;13,9;0
Narvik Sentrum;SN84701;03.05.2024;11,6;0
Narvik Sentrum;SN84701;04.05.2024;8,3;0
Narvik Sentrum;SN84701;05.05.2024;7,2;0
Narvik Sentrum;SN84701;06.05.2024;7,3;0
Narvik Sentrum;SN84701;07.05.2024;6,9;0
Narvik Sentrum;SN84701;08.05.2024;8,4;0
Narvik Sentrum;SN84701;09.05.2024;7,7;0
Narvik Sentrum;SN84701;10.05.2024;6,8;10,5
Narvik Sentrum;SN84701;11.05.2024;8,8;0,1
Narvik Sentrum;SN84701;12.05.2024;7,5;3,6
Narvik Sentrum;SN84701;13.05.2024;11,5;23,2
Narvik Sentrum;SN84701;14.05.2024;16,9;1,3
Narvik Sentrum;SN84701;15.05.2024;14,7;8,7
Narvik Sentrum;SN84701;16.05.2024;14,1;0,1
Narvik Sentrum;SN84701;17.05.2024;22,7;0
Narvik Sentrum;SN84701;18.05.2024;17,3;0
Narvik Sentrum;SN84701;19.05.2024;8,9;11,5
Narvik Sentrum;SN84701;20.05.2024;4,5;3,6
Narvik Sentrum;SN84701;21.05.2024;8,8;1
Narvik Sentrum;SN84701;22.05.2024;17;0
Narvik Sentrum;SN84701;23.05.2024;21,7;0
Narvik Sentrum;SN84701;24.05.2024;16,4;6,2
Narvik Sentrum;SN84701;25.05.2024;14,6;0
Narvik Sentrum;SN84701;26.05.2024;24,6;0
Narvik Sentrum;SN84701;27.05.2024;20,9;2,1
Narvik Sentrum;SN84701;28.05.2024;25,4;0,4
Narvik Sentrum;SN84701;29.05.2024;25,8;0
Narvik Sentrum;SN84701;30.05.2024;24,8;0
Narvik Sentrum;SN84701;31.05.2024;19,4;0
Narvik Sentrum;SN84701;01.06.2024;15,7;0,1
Narvik Sentrum;SN84701;02.06.2024;14;0,1
Narvik Sentrum;SN84701;03.06.2024;14,1;0
Narvik Sentrum;SN84701;04.06.2024;15,4;11
Narvik Sentrum;SN84701;05.06.2024;23,5;0
Narvik Sentrum;SN84701;06.06.2024;20,8;0
Narvik Sentrum;SN84701;07.06.2024;15,1;5,4
Narvik Sentrum;SN84701;08.06.2024;14,9;0
Narvik Sentrum;SN84701;09.06.2024;19,6;0
Narvik Sentrum;SN84701;10.06.2024;19,1;0
Narvik Sentrum;SN84701;11.06.2024;16,4;1,1
Narvik Sentrum;SN84701;12.06.2024;15,7;0,6
Narvik Sentrum;SN84701;13.06.2024;18,6;0
Narvik Sentrum;SN84701;14.06.2024;19,8;0
Narvik Sentrum;SN84701;15.06.2024;21,2;0
Narvik Sentrum;SN84701;16.06.2024;23,3;0
Narvik Sentrum;SN84701;17.06.2024;23,6;0
Narvik Sentrum;SN84701;18.06.2024;23,6;0
Narvik Sentrum;SN84701;19.06.2024;17,2;2,3
Narvik Sentrum;SN84701;20.06.2024;13,2;4,3
Narvik Sentrum;SN84701;21.06.2024;12,8;3,7
Narvik Sentrum;SN84701;22.06.2024;18,3;1,1
Narvik Sentrum;SN84701;23.06.2024;23,7;0
Narvik Sentrum;SN84701;24.06.2024;13,3;10,8
Narvik Sentrum;SN84701;25.06.2024;14,7;3
Narvik Sentrum;SN84701;26.06.2024;15;7,8
Narvik Sentrum;SN84701;27.06.2024;19,6;0
Narvik Sentrum;SN84701;28.06.2024;30,4;0
Narvik Sentrum;SN84701;29.06.2024;26,2;0
Narvik Sentrum;SN84701;30.06.2024;18,6;2,9
Narvik Sentrum;SN84701;01.07.2024;22,7;0,3
Narvik Sentrum;SN84701;02.07.2024;20,4;0
Narvik Sentrum;SN84701;03.07.2024;15;2,6
Narvik Sentrum;SN84701;04.07.2024;22;0,9
Narvik Sentrum;SN84701;05.07.2024;23,2;0
Narvik Sentrum;SN84701;06.07.2024;20,7;0,3
Narvik Sentrum;SN84701;07.07.2024;20,1;8,3
Narvik Sentrum;SN84701;08.07.2024;18;4,8
Narvik Sentrum;SN84701;09.07.2024;13,7;1,2
Narvik Sentrum;SN84701;10.07.2024;16,8;0,7
Narvik Sentrum;SN84701;11.07.2024;17,2;0,1
Narvik Sentrum;SN84701;12.07.2024;16,4;7,3
Narvik Sentrum;SN84701;13.07.2024;19,7;0
Narvik Sentrum;SN84701;14.07.2024;24,8;0
Narvik Sentrum;SN84701;15.07.2024;24,9;0
Narvik Sentrum;SN84701;16.07.2024;24,4;0
Narvik Sentrum;SN84701;17.07.2024;26,9;0,1
Narvik Sentrum;SN84701;18.07.2024;27,9;0
Narvik Sentrum;SN84701;19.07.2024;21,4;0
Narvik Sentrum;SN84701;20.07.2024;23,7;2,3
Narvik Sentrum;SN84701;21.07.2024;29,9;0
Narvik Sentrum;SN84701;22.07.2024;29,9;0
Narvik Sentrum;SN84701;23.07.2024;27;0
Narvik Sentrum;SN84701;24.07.2024;17,5;16,7
Narvik Sentrum;SN84701;25.07.2024;19,5;2,3
Narvik Sentrum;SN84701;26.07.2024;25,6;0,1
Narvik Sentrum;SN84701;27.07.2024;23,8;0,1
Narvik Sentrum;SN84701;28.07.2024;17,2;18
Narvik Sentrum;SN84701;29.07.2024;19,2;2
Narvik Sentrum;SN84701;30.07.2024;21,3;0
Narvik Sentrum;SN84701;31.07.2024;20,1;0
Narvik Sentrum;SN84701;01.08.2024;16,7;0,1
Narvik Sentrum;SN84701;02.08.2024;18,2;5,3
Narvik Sentrum;SN84701;03.08.2024;25,1;0
Narvik Sentrum;SN84701;04.08.2024;25,7;0
Narvik Sentrum;SN84701;05.08.2024;26,8;0
Narvik Sentrum;SN84701;06.08.2024;27;1,2
Narvik Sentrum;SN84701;07.08.2024;27,7;0
Narvik Sentrum;SN84701;08.08.2024;25,9;0
Narvik Sentrum;SN84701;09.08.2024;23,1;0,8
Narvik Sentrum;SN84701;10.08.2024;21,3;0,9
Narvik Sentrum;SN84701;11.08.2024;17,4;4,7
Narvik Sentrum;SN84701;12.08.2024;19,2;6,7
Narvik Sentrum;SN84701;13.08.2024;25,4;0,1
Narvik Sentrum;SN84701;14.08.2024;26,1;0
Narvik Sentrum;SN84701;15.08.2024;20,3;0,7
Narvik Sentrum;SN84701;16.08.2024;18,2;1,4
Narvik Sentrum;SN84701;17.08.2024;18,6;19,5
Narvik Sentrum;SN84701;18.08.2024;19,1;1,3
Narvik Sentrum;SN84701;19.08.2024;17,3;15,9
Narvik Sentrum;SN84701;20.08.2024;19,7;1,1
Narvik Sentrum;SN84701;21.08.2024;20;0
Narvik Sentrum;SN84701;22.08.2024;22;10,3
Narvik Sentrum;SN84701;23.08.2024;21,4;0
Narvik Sentrum;SN84701;24.08.2024;17,7;0,1
Narvik Sentrum;SN84701;25.08.2024;15,2;12,3
Narvik Sentrum;SN84701;26.08.2024;17,7;1,4
Narvik Sentrum;SN84701;27.08.2024;13,5;6,2
Narvik Sentrum;SN84701;28.08.2024;14;3,3
Narvik Sentrum;SN84701;29.08.2024;22,3;0,5
Narvik Sentrum;SN84701;30.08.2024;22,2;0
Narvik Sentrum;SN84701;31.08.2024;15,4;2,1
Narvik Sentrum;SN84701;01.09.2024;16,4;0
Narvik Sentrum;SN84701;02.09.2024;22,5;0
Narvik Sentrum;SN84701;03.09.2024;21,2;0
Narvik Sentrum;SN84701;04.09.2024;20,5;0
Narvik Sentrum;SN84701;05.09.2024;16,2;2,1
Narvik Sentrum;SN84701;06.09.2024;16,7;0
Narvik Sentrum;SN84701;07.09.2024;16,3;0,7
Narvik Sentrum;SN84701;08.09.2024;21,3;0
Narvik Sentrum;SN84701;09.09.2024;26,8;0
Narvik Sentrum;SN84701;10.09.2024;25;0
Narvik Sentrum;SN84701;11.09.2024;21,6;0,5
Narvik Sentrum;SN84701;12.09.2024;21,2;0
Narvik Sentrum;SN84701;13.09.2024;17,6;0
Narvik Sentrum;SN84701;14.09.2024;14,4;0
Narvik Sentrum;SN84701;15.09.2024;14,9;0
Narvik Sentrum;SN84701;16.09.2024;14,7;0
Narvik Sentrum;SN84701;17.09.2024;12,7;2,1
Narvik Sentrum;SN84701;18.09.2024;14,2;1,2
Narvik Sentrum;SN84701;19.09.2024;18,2;1,3
Narvik Sentrum;SN84701;20.09.2024;12;0,4
Narvik Sentrum;SN84701;21.09.2024;9,1;1,1
Narvik Sentrum;SN84701;22.09.2024;9;8,1
Narvik Sentrum;SN84701;23.09.2024;8,7;4
Narvik Sentrum;SN84701;24.09.2024;8,9;3,5
Narvik Sentrum;SN84701;25.09.2024;11,1;6,1
Narvik Sentrum;SN84701;26.09.2024;8,6;0
Narvik Sentrum;SN84701;27.09.2024;8,4;5,6
Narvik Sentrum;SN84701;28.09.2024;8,2;2,5
Narvik Sentrum;SN84701;29.09.2024;7,2;3,3
Narvik Sentrum;SN84701;30.09.2024;7,9;9,3
Narvik Sentrum;SN84701;01.10.2024;12,3;1,7
Narvik Sentrum;SN84701;02.10.2024;6,8;9,3
Narvik Sentrum;SN84701;03.10.2024;6,5;1,7
Narvik Sentrum;SN84701;04.10.2024;6,6;19,6
Narvik Sentrum;SN84701;05.10.2024;8;11,6
Narvik Sentrum;SN84701;06.10.2024;6,1;1,8
Narvik Sentrum;SN84701;07.10.2024;4,9;0
Narvik Sentrum;SN84701;08.10.2024;3,3;0
Narvik Sentrum;SN84701;09.10.2024;12,5;6,6
Narvik Sentrum;SN84701;10.10.2024;10,9;1,4
Narvik Sentrum;SN84701;11.10.2024;5,4;17
Narvik Sentrum;SN84701;12.10.2024;7,4;5,7
Narvik Sentrum;SN84701;13.10.2024;11;0
Narvik Sentrum;SN84701;14.10.2024;10,3;0,1
Narvik Sentrum;SN84701;15.10.2024;6,3;2,3
Narvik Sentrum;SN84701;16.10.2024;11,2;8,9
Narvik Sentrum;SN84701;17.10.2024;10;13,1
Narvik Sentrum;SN84701;18.10.2024;12,4;1,2
Narvik Sentrum;SN84701;19.10.2024;11,1;2,6
Narvik Sentrum;SN84701;20.10.2024;7,9;0
Narvik Sentrum;SN84701;21.10.2024;10,7;0,8
Narvik Sentrum;SN84701;22.10.2024;10,9;8,2
Narvik Sentrum;SN84701;23.10.2024;10,5;1
Narvik Sentrum;SN84701;24.10.2024;8,4;19,6
Narvik Sentrum;SN84701;25.10.2024;12,8;15,2
Narvik Sentrum;SN84701;26.10.2024;8,8;6,3
Narvik Sentrum;SN84701;27.10.2024;7,6;0
Narvik Sentrum;SN84701;28.10.2024;6,3;8,9
Narvik Sentrum;SN84701;29.10.2024;5,2;2,9
Narvik Sentrum;SN84701;30.10.2024;8;6,6
Narvik Sentrum;SN84701;31.10.2024;1,7;3,9
Narvik Sentrum;SN84701;01.11.2024;2;1,9
Narvik Sentrum;SN84701;02.11.2024;2,1;8
Narvik Sentrum;SN84701;03.11.2024;3,2;5,9
Narvik Sentrum;SN84701;04.11.2024;4,6;0,3
Narvik Sentrum;SN84701;05.11.2024;9,2;15,2
Narvik Sentrum;SN84701;06.11.2024;9,1;2,4
Narvik Sentrum;SN84701;07.11.2024;10,1;11,3
Narvik Sentrum;SN84701;08.11.2024;13,1;7,8
Narvik Sentrum;SN84701;09.11.2024;10,5;8,6
Narvik Sentrum;SN84701;10.11.2024;4,1;0
Narvik Sentrum;SN84701;11.11.2024;2,9;0
Narvik Sentrum;SN84701;12.11.2024;7;1,2
Narvik Sentrum;SN84701;13.11.2024;9,8;5,1
Narvik Sentrum;SN84701;14.11.2024;6,2;5,8
Narvik Sentrum;SN84701;15.11.2024;8,3;12,3
Narvik Sentrum;SN84701;16.11.2024;7;38,2
Narvik Sentrum;SN84701;17.11.2024;3,9;13,6
Narvik Sentrum;SN84701;18.11.2024;1,8;0,6
Narvik Sentrum;SN84701;19.11.2024;2,3;0
Narvik Sentrum;SN84701;20.11.2024;1,9;0
Narvik Sentrum;SN84701;21.11.2024;-4;0
Narvik Sentrum;SN84701;22.11.2024;-1,3;0
Narvik Sentrum;SN84701;23.11.2024;2,8;2,7
Narvik Sentrum;SN84701;24.11.2024;3;16,9
Narvik Sentrum;SN84701;25.11.2024;2,5;2,7
Narvik Sentrum;SN84701;26.11.2024;0,8;7,1
Narvik Sentrum;SN84701;27.11.2024;3,2;2,4
Narvik Sentrum;SN84701;28.11.2024;7;1,5
Narvik Sentrum;SN84701;29.11.2024;7,2;7
Narvik Sentrum;SN84701;30.11.2024;0;1,1
Narvik Sentrum;SN84701;01.12.2024;-0,8;0
Narvik Sentrum;SN84701;02.12.2024;0,7;37,8
Narvik Sentrum;SN84701;03.12.2024;0,1;3,1
Narvik Sentrum;SN84701;04.12.2024;-0,4;4,3
Narvik Sentrum;SN84701;05.12.2024;-0,4;0
Narvik Sentrum;SN84701;06.12.2024;2,2;0
Narvik Sentrum;SN84701;07.12.2024;6,5;0
Narvik Sentrum;SN84701;08.12.2024;5,9;0,3
Narvik Sentrum;SN84701;09.12.2024;6,3;4,2
Narvik Sentrum;SN84701;10.12.2024;7,3;17,1
Narvik Sentrum;SN84701;11.12.2024;3,6;11,7
Narvik Sentrum;SN84701;12.12.2024;-0,5;10,6
Narvik Sentrum;SN84701;13.12.2024;-0,2;7,3
Narvik Sentrum;SN84701;14.12.2024;-2,4;0
Narvik Sentrum;SN84701;15.12.2024;1,5;0
Narvik Sentrum;SN84701;16.12.2024;-0,9;1,2
Narvik Sentrum;SN84701;17.12.2024;-0,1;0,3
Narvik Sentrum;SN84701;18.12.2024;-1,4;1,2
Narvik Sentrum;SN84701;19.12.2024;-2,5;0
Narvik Sentrum;SN84701;20.12.2024;-3,8;0
Narvik Sentrum;SN84701;21.12.2024;-3,2;0
Narvik Sentrum;SN84701;22.12.2024;-0,4;0
Narvik Sentrum;SN84701;23.12.2024;1,3;0
Narvik Sentrum;SN84701;24.12.2024;1,9;0
Narvik Sentrum;SN84701;25.12.2024;8,8;0,3
Narvik Sentrum;SN84701;26.12.2024;6,1;4,8
Narvik Sentrum;SN84701;27.12.2024;5,5;13,4
Narvik Sentrum;SN84701;28.12.2024;7,4;16,5
Narvik Sentrum;SN84701;29.12.2024;6,3;1,9
Narvik Sentrum;SN84701;30.12.2024;3;3,3
Narvik Sentrum;SN84701;31.12.2024;0,8;5,4
Narvik Sentrum;SN84701;01.01.2025;-0,2;0
Narvik Sentrum;SN84701;02.01.2025;-6,6;0
Narvik Sentrum;SN84701;03.01.2025;-1,8;0
Narvik Sentrum;SN84701;04.01.2025;-2,4;4
Narvik Sentrum;SN84701;05.01.2025;-9,8;0
Narvik Sentrum;SN84701;06.01.2025;-9,4;0
Narvik Sentrum;SN84701;07.01.2025;-5;0
Narvik Sentrum;SN84701;08.01.2025;-5,5;0
Narvik Sentrum;SN84701;09.01.2025;-6,2;0
Narvik Sentrum;SN84701;10.01.2025;-2,5;0
Narvik Sentrum;SN84701;11.01.2025;1,5;1
Narvik Sentrum;SN84701;12.01.2025;4;20,6
Narvik Sentrum;SN84701;13.01.2025;8,5;13,5
Narvik Sentrum;SN84701;14.01.2025;6,8;7,9
Narvik Sentrum;SN84701;15.01.2025;7,2;0,1
Narvik Sentrum;SN84701;16.01.2025;7,8;11,8
Narvik Sentrum;SN84701;17.01.2025;8,8;4,7
Narvik Sentrum;SN84701;18.01.2025;6,9;15,1
Narvik Sentrum;SN84701;19.01.2025;2,1;1,9
Narvik Sentrum;SN84701;20.01.2025;-3,5;2,1
Narvik Sentrum;SN84701;21.01.2025;-3,9;0,1
Narvik Sentrum;SN84701;22.01.2025;-5,4;0
Narvik Sentrum;SN84701;23.01.2025;-3,3;0
Narvik Sentrum;SN84701;24.01.2025;-2,4;0
Narvik Sentrum;SN84701;25.01.2025;-1,2;0
Narvik Sentrum;SN84701;26.01.2025;1,4;0
Narvik Sentrum;SN84701;27.01.2025;2,8;2,8
Narvik Sentrum;SN84701;28.01.2025;3,6;0
Narvik Sentrum;SN84701;29.01.2025;4,5;0
Narvik Sentrum;SN84701;30.01.2025;2;0
Narvik Sentrum;SN84701;31.01.2025;2,6;0,2
Narvik Sentrum;SN84701;01.02.2025;3,1;6,9
Narvik Sentrum;SN84701;02.02.2025;1,5;0,2
Narvik Sentrum;SN84701;03.02.2025;-3,5;0
Narvik Sentrum;SN84701;04.02.2025;-5,7;0
Narvik Sentrum;SN84701;05.02.2025;2,9;1,7
Narvik Sentrum;SN84701;06.02.2025;8,7;3
Narvik Sentrum;SN84701;07.02.2025;9,8;9,2
Narvik Sentrum;SN84701;08.02.2025;8,4;0,1
Narvik Sentrum;SN84701;09.02.2025;4,2;0
Narvik Sentrum;SN84701;10.02.2025;5,6;0,4
Narvik Sentrum;SN84701;11.02.2025;6,6;0,5
Narvik Sentrum;SN84701;12.02.2025;5,4;1,8
Narvik Sentrum;SN84701;13.02.2025;0,6;0,3
Narvik Sentrum;SN84701;14.02.2025;-1,9;0
Narvik Sentrum;SN84701;15.02.2025;-0,8;0,1
Narvik Sentrum;SN84701;16.02.2025;-0,2;2,4
Narvik Sentrum;SN84701;17.02.2025;0;3,1
Narvik Sentrum;SN84701;18.02.2025;0,9;1
Narvik Sentrum;SN84701;19.02.2025;2,4;0,4
Narvik Sentrum;SN84701;20.02.2025;4,2;1,3
Narvik Sentrum;SN84701;21.02.2025;0,2;0
Narvik Sentrum;SN84701;22.02.2025;5,2;0,4
Narvik Sentrum;SN84701;23.02.2025;9,7;0,5
Narvik Sentrum;SN84701;24.02.2025;7,9;0,9
Narvik Sentrum;SN84701;25.02.2025;6,7;0,4
Narvik Sentrum;SN84701;26.02.2025;4,3;0
Narvik Sentrum;SN84701;27.02.2025;2,3;0
Narvik Sentrum;SN84701;28.02.2025;4,2;0,3
Narvik Sentrum;SN84701;01.03.2025;1,6;0,5
Narvik Sentrum;SN84701;02.03.2025;3,6;0,4
Narvik Sentrum;SN84701;03.03.2025;4,6;4,7
Narvik Sentrum;SN84701;04.03.2025;3,8;3
Narvik Sentrum;SN84701;05.03.2025;2,8;1,1
Narvik Sentrum;SN84701;06.03.2025;2,9;0
Narvik Sentrum;SN84701;07.03.2025;3,8;0
Narvik Sentrum;SN84701;08.03.2025;3,9;2
Narvik Sentrum;SN84701;09.03.2025;1,7;5,8
Narvik Sentrum;SN84701;10.03.2025;0,5;0,5
Narvik Sentrum;SN84701;11.03.2025;1;0,1
Narvik Sentrum;SN84701;12.03.2025;0;0
Narvik Sentrum;SN84701;13.03.2025;-2,8;0
Narvik Sentrum;SN84701;14.03.2025;-2,4;3,1
Narvik Sentrum;SN84701;15.03.2025;-1,9;7,5
Narvik Sentrum;SN84701;16.03.2025;0;7,9
Narvik Sentrum;SN84701;17.03.2025;0,1;5,7
Narvik Sentrum;SN84701;18.03.2025;5,1;6,1
Narvik Sentrum;SN84701;19.03.2025;0,6;9,7
Narvik Sentrum;SN84701;20.03.2025;0,5;0,1
Narvik Sentrum;SN84701;21.03.2025;4,3;0
Narvik Sentrum;SN84701;22.03.2025;10,3;0
Narvik Sentrum;SN84701;23.03.2025;11,4;0
Narvik Sentrum;SN84701;24.03.2025;9,1;0
Narvik Sentrum;SN84701;25.03.2025;4,4;3,5
Narvik Sentrum;SN84701;26.03.2025;2;1,2
Narvik Sentrum;SN84701;27.03.2025;4,8;3,9
Narvik Sentrum;SN84701;28.03.2025;4,1;39
Narvik Sentrum;SN84701;29.03.2025;5,3;7,6
Narvik Sentrum;SN84701;30.03.2025;5;3,5
Narvik Sentrum;SN84701;31.03.2025;5,6;2,1
Narvik Sentrum;SN84701;01.04.2025;4,5;0,2
Narvik Sentrum;SN84701;02.04.2025;8,5;3,1
Narvik Sentrum;SN84701;03.04.2025;6,6;8,6
Narvik Sentrum;SN84701;04.04.2025;4,1;14,2
Narvik Sentrum;SN84701;05.04.2025;3;1,7
Narvik Sentrum;SN84701;06.04.2025;6,5;0,2
Narvik Sentrum;SN84701;07.04.2025;5,6;0
Narvik Sentrum;SN84701;08.04.2025;5,7;3,1
Narvik Sentrum;SN84701;09.04.2025;-0,2;9,3
Narvik Sentrum;SN84701;10.04.2025;0,1;5,4
Narvik Sentrum;SN84701;11.04.2025;1,7;2,5
Narvik Sentrum;SN84701;12.04.2025;2;0,3
Narvik Sentrum;SN84701;13.04.2025;6;0,8
Narvik Sentrum;SN84701;14.04.2025;2,4;0
Narvik Sentrum;SN84701;15.04.2025;4,4;13,2
Narvik Sentrum;SN84701;16.04.2025;9,5;3,1
Narvik Sentrum;SN84701;17.04.2025;7,3;1,3
Narvik Sentrum;SN84701;18.04.2025;5,7;11
Narvik Sentrum;SN84701;19.04.2025;5,3;12,5
Narvik Sentrum;SN84701;20.04.2025;2,9;1,6
Narvik Sentrum;SN84701;21.04.2025;3,2;0
Narvik Sentrum;SN84701;22.04.2025;3,9;0
Narvik Sentrum;SN84701;23.04.2025;4,7;3
Narvik Sentrum;SN84701;24.04.2025;4,2;0,7
Narvik Sentrum;SN84701;25.04.2025;2,6;0
Narvik Sentrum;SN84701;26.04.2025;2,2;0,8
Narvik Sentrum;SN84701;27.04.2025;5,5;0
Narvik Sentrum;SN84701;28.04.2025;5,4;8,8
Narvik Sentrum;SN84701;29.04.2025;3,7;11,4
Narvik Sentrum;SN84701;30.04.2025;7;0
Narvik Sentrum;SN84701;01.05.2025;9,5;0,4
Narvik Sentrum;SN84701;02.05.2025;7,3;1
Narvik Sentrum;SN84701;03.05.2025;5,7;2,4
Narvik Sentrum;SN84701;04.05.2025;5,4;5
Narvik Sentrum;SN84701;05.05.2025;6,2;0,1
Narvik Sentrum;SN84701;06.05.2025;6,4;0
Narvik Sentrum;SN84701;07.05.2025;6;0
Narvik Sentrum;SN84701;08.05.2025;9,8;0
Narvik Sentrum;SN84701;09.05.2025;8,1;0
Narvik Sentrum;SN84701;10.05.2025;12,5;0,1
Narvik Sentrum;SN84701;11.05.2025;15,1;0,3
Narvik Sentrum;SN84701;12.05.2025;13,3;0
Narvik Sentrum;SN84701;13.05.2025;9,8;1,9
Narvik Sentrum;SN84701;14.05.2025;10,1;7,3
Narvik Sentrum;SN84701;15.05.2025;8,9;0,2
Narvik Sentrum;SN84701;16.05.2025;8,4;0
Narvik Sentrum;SN84701;17.05.2025;10,6;0,3
Narvik Sentrum;SN84701;18.05.2025;11,2;0
Narvik Sentrum;SN84701;19.05.2025;9,5;0
Narvik Sentrum;SN84701;20.05.2025;7,8;0,2
Narvik Sentrum;SN84701;21.05.2025;9,1;0,5
Narvik Sentrum;SN84701;22.05.2025;9,2;0
Narvik Sentrum;SN84701;23.05.2025;13,9;0
Narvik Sentrum;SN84701;24.05.2025;16,7;0
Narvik Sentrum;SN84701;25.05.2025;17,1;0
Narvik Sentrum;SN84701;26.05.2025;15,3;0
Narvik Sentrum;SN84701;27.05.2025;10,9;4,8
Narvik Sentrum;SN84701;28.05.2025;16;1,9
Narvik Sentrum;SN84701;29.05.2025;15,9;4,1
Narvik Sentrum;SN84701;30.05.2025;14,9;0
Narvik Sentrum;SN84701;31.05.2025;13;0
Narvik Sentrum;SN84701;01.06.2025;15,2;0,6
Narvik Sentrum;SN84701;02.06.2025;14,7;0,1
Narvik Sentrum;SN84701;03.06.2025;12,2;7,8
Narvik Sentrum;SN84701;04.06.2025;19,1;2,2
Narvik Sentrum;SN84701;05.06.2025;15,1;0,9
Narvik Sentrum;SN84701;06.06.2025;17,7;4,4
Narvik Sentrum;SN84701;07.06.2025;15;1,2
Narvik Sentrum;SN84701;08.06.2025;10,9;12,8
Narvik Sentrum;SN84701;09.06.2025;14,2;5,9
Narvik Sentrum;SN84701;10.06.2025;13,4;1
Narvik Sentrum;SN84701;11.06.2025;13;0
Narvik Sentrum;SN84701;12.06.2025;13,5;1,2
Narvik Sentrum;SN84701;13.06.2025;16,6;0
Narvik Sentrum;SN84701;14.06.2025;17,5;3,6
Narvik Sentrum;SN84701;15.06.2025;15,9;11,9
Narvik Sentrum;SN84701;16.06.2025;19,9;0
Narvik Sentrum;SN84701;17.06.2025;15,5;5,5
Narvik Sentrum;SN84701;18.06.2025;11,3;6,8
Narvik Sentrum;SN84701;19.06.2025;10,7;10,2
Narvik Sentrum;SN84701;20.06.2025;13,7;0,3
Narvik Sentrum;SN84701;21.06.2025;17,3;0
Narvik Sentrum;SN84701;22.06.2025;12,7;0
Narvik Sentrum;SN84701;23.06.2025;19,3;0
Narvik Sentrum;SN84701;24.06.2025;18,9;0
Narvik Sentrum;SN84701;25.06.2025;15,5;1,7
Narvik Sentrum;SN84701;26.06.2025;14,7;5
Narvik Sentrum;SN84701;27.06.2025;21,5;1,2
Narvik Sentrum;SN84701;28.06.2025;21,5;0
Narvik Sentrum;SN84701;29.06.2025;19,1;1,5
Narvik Sentrum;SN84701;30.06.2025;15,4;0,1
Narvik Sentrum;SN84701;01.07.2025;19,5;0
Narvik Sentrum;SN84701;02.07.2025;14,8;7,8
Narvik Sentrum;SN84701;03.07.2025;17,6;0,9
Narvik Sentrum;SN84701;04.07.2025;12,6;2,3
Narvik Sentrum;SN84701;05.07.2025;19,4;3,7
Narvik Sentrum;SN84701;06.07.2025;20,6;0
Narvik Sentrum;SN84701;07.07.2025;19,2;0
Narvik Sentrum;SN84701;08.07.2025;15,5;0
Narvik Sentrum;SN84701;09.07.2025;16,5;0
Narvik Sentrum;SN84701;10.07.2025;17,5;0
Narvik Sentrum;SN84701;11.07.2025;19,1;0
Narvik Sentrum;SN84701;12.07.2025;19;0,8
Narvik Sentrum;SN84701;13.07.2025;24,6;0
Narvik Sentrum;SN84701;14.07.2025;27,7;0
Narvik Sentrum;SN84701;15.07.2025;24,1;0
Narvik Sentrum;SN84701;16.07.2025;24,8;0
Narvik Sentrum;SN84701;17.07.2025;25,8;0
Narvik Sentrum;SN84701;18.07.2025;28,4;0
Narvik Sentrum;SN84701;19.07.2025;28,7;0
Narvik Sentrum;SN84701;20.07.2025;27;0
Narvik Sentrum;SN84701;21.07.2025;28,8;0
Narvik Sentrum;SN84701;22.07.2025;27,3;0
Narvik Sentrum;SN84701;23.07.2025;24,3;0
Narvik Sentrum;SN84701;24.07.2025;25,4;0
Narvik Sentrum;SN84701;25.07.2025;21,8;0
Narvik Sentrum;SN84701;26.07.2025;21;1,1
Narvik Sentrum;SN84701;27.07.2025;20,4;6,9
Narvik Sentrum;SN84701;28.07.2025;19,8;8,7
Narvik Sentrum;SN84701;29.07.2025;19,4;0,1
Narvik Sentrum;SN84701;30.07.2025;21,7;0,5
Narvik Sentrum;SN84701;31.07.2025;25,3;1,9
Narvik Sentrum;SN84701;01.08.2025;28,9;0
Narvik Sentrum;SN84701;02.08.2025;28;0
Narvik Sentrum;SN84701;03.08.2025;28,3;0
Narvik Sentrum;SN84701;04.08.2025;25,9;0,3
Narvik Sentrum;SN84701;05.08.2025;26,1;0
Narvik Sentrum;SN84701;06.08.2025;23,2;0
Narvik Sentrum;SN84701;07.08.2025;19,6;6,7
Narvik Sentrum;SN84701;08.08.2025;21;1,5
Narvik Sentrum;SN84701;09.08.2025;20,2;0,1
Narvik Sentrum;SN84701;10.08.2025;23;0
Narvik Sentrum;SN84701;11.08.2025;18,6;1
Narvik Sentrum;SN84701;12.08.2025;18,7;0
Narvik Sentrum;SN84701;13.08.2025;20,5;0
Narvik Sentrum;SN84701;14.08.2025;16,5;1,5
Narvik Sentrum;SN84701;15.08.2025;16,3;9,2
Narvik Sentrum;SN84701;16.08.2025;13,7;24,2
Narvik Sentrum;SN84701;17.08.2025;15,1;0
Narvik Sentrum;SN84701;18.08.2025;14,7;14,3
Narvik Sentrum;SN84701;19.08.2025;14;7,4
Narvik Sentrum;SN84701;20.08.2025;12,7;4
Narvik Sentrum;SN84701;21.08.2025;13,3;12,1
Narvik Sentrum;SN84701;22.08.2025;10,4;1,6
Narvik Sentrum;SN84701;23.08.2025;14,4;23,3
Narvik Sentrum;SN84701;24.08.2025;15,3;7,9
Narvik Sentrum;SN84701;25.08.2025;12,7;1,6
Narvik Sentrum;SN84701;26.08.2025;15,7;0,3
Narvik Sentrum;SN84701;27.08.2025;15,8;0
Narvik Sentrum;SN84701;28.08.2025;15,3;0,6
Narvik Sentrum;SN84701;29.08.2025;19;0
Narvik Sentrum;SN84701;30.08.2025;20,1;0
Narvik Sentrum;SN84701;31.08.2025;18,6;0
Narvik Sentrum;SN84701;01.09.2025;20,9;0
Narvik Sentrum;SN84701;02.09.2025;22,1;0,4
Narvik Sentrum;SN84701;03.09.2025;17,4;0
Narvik Sentrum;SN84701;04.09.2025;21,7;3,4
Narvik Sentrum;SN84701;05.09.2025;21,8;5,6
Narvik Sentrum;SN84701;06.09.2025;19;0,8
Narvik Sentrum;SN84701;07.09.2025;19,3;1,4
Narvik Sentrum;SN84701;08.09.2025;21,2;0,1
Narvik Sentrum;SN84701;09.09.2025;22,3;0
Narvik Sentrum;SN84701;10.09.2025;21,4;0,1
Narvik Sentrum;SN84701;11.09.2025;21,4;0
Narvik Sentrum;SN84701;12.09.2025;22,1;0
Narvik Sentrum;SN84701;13.09.2025;20,6;0,1
Narvik Sentrum;SN84701;14.09.2025;16,4;2,7
Narvik Sentrum;SN84701;15.09.2025;16,1;0,2
Narvik Sentrum;SN84701;16.09.2025;13,9;1,3
Narvik Sentrum;SN84701;17.09.2025;13,4;0,8
Narvik Sentrum;SN84701;18.09.2025;12,2;1,4
Narvik Sentrum;SN84701;19.09.2025;11,9;0,1
Narvik Sentrum;SN84701;20.09.2025;11,6;0,5
Narvik Sentrum;SN84701;21.09.2025;10,5;0,6
Narvik Sentrum;SN84701;22.09.2025;9,7;3,6
Narvik Sentrum;SN84701;23.09.2025;6,6;6,5
Narvik Sentrum;SN84701;24.09.2025;10,6;1,5
Narvik Sentrum;SN84701;25.09.2025;12,6;7,9
Narvik Sentrum;SN84701;26.09.2025;12,9;4,8
Narvik Sentrum;SN84701;27.09.2025;15,4;1,7
Narvik Sentrum;SN84701;28.09.2025;14,6;0
Narvik Sentrum;SN84701;29.09.2025;15,3;0
Narvik Sentrum;SN84701;30.09.2025;14,9;0,9
Narvik Sentrum;SN84701;01.10.2025;14,6;0
Narvik Sentrum;SN84701;02.10.2025;10,7;0
Narvik Sentrum;SN84701;03.10.2025;14,3;0,1
Narvik Sentrum;SN84701;04.10.2025;16,3;0
Narvik Sentrum;SN84701;05.10.2025;12,8;0
Narvik Sentrum;SN84701;06.10.2025;15,6;0
Narvik Sentrum;SN84701;07.10.2025;12,5;0,2
Narvik Sentrum;SN84701;08.10.2025;11,8;5
Narvik Sentrum;SN84701;09.10.2025;12,5;0,7
Narvik Sentrum;SN84701;10.10.2025;11,4;0,4
Narvik Sentrum;SN84701;11.10.2025;9,2;14,2
Narvik Sentrum;SN84701;12.10.2025;7,5;4,3
Narvik Sentrum;SN84701;13.10.2025;7,3;0,6
Narvik Sentrum;SN84701;14.10.2025;9,5;0
Narvik Sentrum;SN84701;15.10.2025;11,1;0,2
Narvik Sentrum;SN84701;16.10.2025;6,8;13,8
Narvik Sentrum;SN84701;17.10.2025;4,5;7,5
Narvik Sentrum;SN84701;18.10.2025;8,3;6
Narvik Sentrum;SN84701;19.10.2025;8,1;29,2
Narvik Sentrum;SN84701;20.10.2025;4,4;7,4
Narvik Sentrum;SN84701;21.10.2025;-0,2;0,4
Narvik Sentrum;SN84701;22.10.2025;3,3;0
Narvik Sentrum;SN84701;23.10.2025;4,3;6,6
Narvik Sentrum;SN84701;24.10.2025;6,3;11,1
Narvik Sentrum;SN84701;25.10.2025;5,5;3,8
Narvik Sentrum;SN84701;26.10.2025;6,3;0
Narvik Sentrum;SN84701;27.10.2025;7,3;0,7
Narvik Sentrum;SN84701;28.10.2025;8,6;0
Narvik Sentrum;SN84701;29.10.2025;8,5;0
Narvik Sentrum;SN84701;30.10.2025;5,5;1,1
Narvik Sentrum;SN84701;31.10.2025;4,6;0
Narvik Sentrum;SN84701;01.11.2025;1,8;0
Narvik Sentrum;SN84701;02.11.2025;7,2;0
Narvik Sentrum;SN84701;03.11.2025;5,7;0,9
Narvik Sentrum;SN84701;04.11.2025;4,5;0
Narvik Sentrum;SN84701;05.11.2025;7,2;3,4
Narvik Sentrum;SN84701;06.11.2025;8,7;4,6
Narvik Sentrum;SN84701;07.11.2025;7,8;1,4
Narvik Sentrum;SN84701;08.11.2025;5,5;0,9
Narvik Sentrum;SN84701;09.11.2025;3,4;0,9
Narvik Sentrum;SN84701;10.11.2025;2,7;3,8
Narvik Sentrum;SN84701;11.11.2025;0,9;0
Narvik Sentrum;SN84701;12.11.2025;0,2;0
Narvik Sentrum;SN84701;13.11.2025;0,7;3,2
Narvik Sentrum;SN84701;14.11.2025;0,4;0,3
Narvik Sentrum;SN84701;15.11.2025;2,1;10,6
Narvik Sentrum;SN84701;16.11.2025;1,2;5,3
Narvik Sentrum;SN84701;17.11.2025;0,1;3
Narvik Sentrum;SN84701;18.11.2025;-0,4;1,9
Narvik Sentrum;SN84701;19.11.2025;-2,3;0
Narvik Sentrum;SN84701;20.11.2025;-2,4;0
Narvik Sentrum;SN84701;21.11.2025;-2,9;2
Narvik Sentrum;SN84701;22.11.2025;-7;0
Narvik Sentrum;SN84701;23.11.2025;-7;0
Narvik Sentrum;SN84701;24.11.2025;-4,1;0
Narvik Sentrum;SN84701;25.11.2025;-0,7;1,1
Narvik Sentrum;SN84701;26.11.2025;4,3;1,1
Narvik Sentrum;SN84701;27.11.2025;8,1;0,4
Narvik Sentrum;SN84701;28.11.2025;5,6;0,4
Narvik Sentrum;SN84701;29.11.2025;8,6;1,2
Narvik Sentrum;SN84701;30.11.2025;8,3;4,7
Narvik Sentrum;SN84701;01.12.2025;0;1,1
Narvik Sentrum;SN84701;02.12.2025;-0,8;0
Narvik Sentrum;SN84701;03.12.2025;3,2;1,6
Narvik Sentrum;SN84701;04.12.2025;6;3,7
Narvik Sentrum;SN84701;05.12.2025;1,2;0,1
Narvik Sentrum;SN84701;06.12.2025;-1,8;0
Narvik Sentrum;SN84701;07.12.2025;1,6;0
Narvik Sentrum;SN84701;08.12.2025;1,4;0
Narvik Sentrum;SN84701;09.12.2025;1,4;0
Narvik Sentrum;SN84701;10.12.2025;1,8;0,1
Narvik Sentrum;SN84701;11.12.2025;1,4;0,1
Narvik Sentrum;SN84701;12.12.2025;-3;0
Narvik Sentrum;SN84701;13.12.2025;0,6;0
Narvik Sentrum;SN84701;14.12.2025;5;0,7
Narvik Sentrum;SN84701;15.12.2025;9,5;3,7
Narvik Sentrum;SN84701;16.12.2025;7;5,4
Narvik Sentrum;SN84701;17.12.2025;4,6;0,9
Narvik Sentrum;SN84701;18.12.2025;3,7;0
Narvik Sentrum;SN84701;19.12.2025;2,2;0,4
Narvik Sentrum;SN84701;20.12.2025;3,4;6,3
Narvik Sentrum;SN84701;21.12.2025;4,8;3,1
Narvik Sentrum;SN84701;22.12.2025;4;2
Narvik Sentrum;SN84701;23.12.2025;-0,7;0
Narvik Sentrum;SN84701;24.12.2025;7;0,7
Narvik Sentrum;SN84701;25.12.2025;7,5;9,8
Narvik Sentrum;SN84701;26.12.2025;7,7;1,6
Narvik Sentrum;SN84701;27.12.2025;6,9;5,3
Narvik Sentrum;SN84701;28.12.2025;2,4;8,6
Narvik Sentrum;SN84701;29.12.2025;-0,3;10,3
Narvik Sentrum;SN84701;30.12.2025;-1,6;3,8
Narvik Sentrum;SN84701;31.12.2025;-3,1;7,2
Narvik Sentrum;SN84701;01.01.2026;-8,5;0
Narvik Sentrum;SN84701;02.01.2026;-8,2;0
Narvik Sentrum;SN84701;03.01.2026;-;1
Narvik Sentrum;SN84701;04.01.2026;-7,2;0
Narvik Sentrum;SN84701;05.01.2026;-3,3;0,9
Narvik Sentrum;SN84701;06.01.2026;-7,5;8,8
Narvik Sentrum;SN84701;07.01.2026;-11,6;0
Narvik Sentrum;SN84701;08.01.2026;-9,1;0
Narvik Sentrum;SN84701;09.01.2026;-7,8;0
Narvik Sentrum;SN84701;10.01.2026;-7,8;0
Narvik Sentrum;SN84701;11.01.2026;-5,6;0
Narvik Sentrum;SN84701;12.01.2026;-4,7;0
Narvik Sentrum;SN84701;13.01.2026;-1,7;0
Narvik Sentrum;SN84701;14.01.2026;-5,3;0
Narvik Sentrum;SN84701;15.01.2026;-0,1;0
Narvik Sentrum;SN84701;16.01.2026;-2,9;0
Narvik Sentrum;SN84701;17.01.2026;-1,5;0
Narvik Sentrum;SN84701;18.01.2026;5,3;0
Narvik Sentrum;SN84701;19.01.2026;1,5;0
Narvik Sentrum;SN84701;20.01.2026;-5;0
Narvik Sentrum;SN84701;21.01.2026;-5,8;0
Narvik Sentrum;SN84701;22.01.2026;-6,3;0
Narvik Sentrum;SN84701;23.01.2026;-7,7;0
Narvik Sentrum;SN84701;24.01.2026;-8,5;0
Narvik Sentrum;SN84701;25.01.2026;-0,5;1,8
Narvik Sentrum;SN84701;26.01.2026;-1,9;3,3
Narvik Sentrum;SN84701;27.01.2026;-2,8;1
Narvik Sentrum;SN84701;28.01.2026;-6,4;0,2
Narvik Sentrum;SN84701;29.01.2026;-9,2;0
Narvik Sentrum;SN84701;30.01.2026;-10,2;0
Narvik Sentrum;SN84701;31.01.2026;-10,4;0
Narvik Sentrum;SN84701;01.02.2026;-5,4;0
Narvik Sentrum;SN84701;02.02.2026;-1,9;0,5
Narvik Sentrum;SN84701;03.02.2026;-5,4;0,7
Narvik Sentrum;SN84701;04.02.2026;-3,4;0
Narvik Sentrum;SN84701;05.02.2026;-0,3;0
Narvik Sentrum;SN84701;06.02.2026;1,8;0
Narvik Sentrum;SN84701;07.02.2026;1,2;0,1
Narvik Sentrum;SN84701;08.02.2026;-6,9;0
Narvik Sentrum;SN84701;09.02.2026;-2,8;0
Narvik Sentrum;SN84701;10.02.2026;-3,2;0,6
Narvik Sentrum;SN84701;11.02.2026;-7,5;0
Narvik Sentrum;SN84701;12.02.2026;-8,2;0
Narvik Sentrum;SN84701;13.02.2026;-5,7;0
Narvik Sentrum;SN84701;14.02.2026;-1,4;3,4
Narvik Sentrum;SN84701;15.02.2026;-1,8;9,9
Narvik Sentrum;SN84701;16.02.2026;-0,1;0,1
Narvik Sentrum;SN84701;17.02.2026;-;0
Narvik Sentrum;SN84701;18.02.2026;-5,3;0
Narvik Sentrum;SN84701;19.02.2026;-5,5;2
Narvik Sentrum;SN84701;20.02.2026;-5,3;0
Narvik Sentrum;SN84701;21.02.2026;-3,5;0
Narvik Sentrum;SN84701;22.02.2026;1,2;3
Narvik Sentrum;SN84701;23.02.2026;-0,4;4
Narvik Sentrum;SN84701;24.02.2026;-2,6;0
Narvik Sentrum;SN84701;25.02.2026;0,2;0
Narvik Sentrum;SN84701;26.02.2026;-3,3;1,2
Narvik Sentrum;SN84701;27.02.2026;1,5;0
Narvik Sentrum;SN84701;28.02.2026;3,7;1
Narvik Sentrum;SN84701;01.03.2026;4,5;0,1
Narvik Sentrum;SN84701;02.03.2026;7,7;0
Narvik Sentrum;SN84701;03.03.2026;4,4;0
Narvik Sentrum;SN84701;04.03.2026;4,8;5,3
Narvik Sentrum;SN84701;05.03.2026;5,3;3,6
Narvik Sentrum;SN84701;06.03.2026;6,7;4,8
Narvik Sentrum;SN84701;07.03.2026;6,7;1,8
Narvik Sentrum;SN84701;08.03.2026;6,5;9,5
Narvik Sentrum;SN84701;09.03.2026;3,4;26
Narvik Sentrum;SN84701;10.03.2026;5,6;6,1
Narvik Sentrum;SN84701;11.03.2026;8,9;2
Narvik Sentrum;SN84701;12.03.2026;7,7;0
Narvik Sentrum;SN84701;13.03.2026;6,4;0,1
Narvik Sentrum;SN84701;14.03.2026;7,5;3,9
Narvik Sentrum;SN84701;15.03.2026;8,7;0,1
Narvik Sentrum;SN84701;16.03.2026;4,8;0
Narvik Sentrum;SN84701;17.03.2026;7,8;1,9
Narvik Sentrum;SN84701;18.03.2026;12,7;0
Narvik Sentrum;SN84701;19.03.2026;7,1;6,3
Narvik Sentrum;SN84701;20.03.2026;7,8;1
Narvik Sentrum;SN84701;21.03.2026;7,3;9,7
Narvik Sentrum;SN84701;22.03.2026;9,4;6
Narvik Sentrum;SN84701;23.03.2026;8,4;1,4
Narvik Sentrum;SN84701;24.03.2026;3,9;4,3
Narvik Sentrum;SN84701;25.03.2026;6,8;0
Narvik Sentrum;SN84701;26.03.2026;4,3;0
Narvik Sentrum;SN84701;27.03.2026;3,7;2,6
Narvik Sentrum;SN84701;28.03.2026;2,4;0
Data er gyldig per 28.03.2026 (CC BY 4.0), Meteorologisk institutt (MET);;;;